Status,Project,,,,,,,,,,,,,,,,,,,,Campaign Summary (Updated 6/7/2569),,,,,,,,,,,,
In Process,Molly Tea Truck (Mega Bangna),,,,,,,,,,,,,,,,,,,,Followers,,Cost,,,,,,,,,,
,,,,,,,,,,,,,,,,,,,,,Total View,,Cost/View,,,,,,,,,,
,,,,,,0,16,,,,,*** Molly Tea กรอก ***,,,*** Molly Tea กรอก ***,,,,,,Total Reach,,Cost/Reach,,,,,,,,,,
,,,,,,,,,,,,,,,,,,,,,Total Engagement,,Cost/Engagement,,,,,,,,,,
No.,Status,Tiktok Channel,Tiktok Link,Followers TT,KOL Confirm,Foxtells Confirm,Molly Tea Confirm,วันและเวลาเข้าถ่าย,Caption,Draft 1,Foxtells Suggestion (Draft 1),Molly Tea Comment (Draft 1),Draft 2,Foxtells Suggestion (Draft 2),Molly Tea Comment (Draft 2),Draft 3,Foxtells Suggestion (Draft 3),Client Comment (Draft 3),Link Post,Gen Code,Tiktok - View,Tiktok - Reach,Tiktok - Like,Tiktok - Share,Tiktok - Save,Tiktok - Comment,Reels - View,Reels - Like,Reels - Comment,Reels - Share,Reels - Repost,Reels - Save,Note
1,Non-selected,leeview._,https://www.tiktok.com/@leeview._,"10,900",TRUE,,,"Mega Bangna
8 มิ.ย. 69 - 12.00",,,,,,,,,,,,,,,,,,,,,,,,,
2,Non-selected,foonfonn,https://www.tiktok.com/@foonfonn,"28,600",TRUE,,FALSE,"Mega Bangna
8 มิ.ย. 69 - 12.00",,,,,,,,,,,,,,,,,,,,,,,,,
3,Non-selected,kaipaoph7iv,https://www.tiktok.com/@kaipaoph7iv,"5,967",TRUE,,,"Mega Bangna
8 มิ.ย. 69 - 12.00",,,,,,,,,,,,,,,,,,,,,,,,,
4,Non-selected,gracetyp,https://www.tiktok.com/@gracetyp,"15,900",TRUE,,,"Mega Bangna
8 มิ.ย. 69 - 12.00",,,,,,,,,,,,,,,,,,,,,,,,,
1,Done,feel_wa,https://www.tiktok.com/@feel_wa,"3,371",TRUE,,TRUE,"Mega Bangna
8 มิ.ย. 69 - 12.00","ล่าสุด Molly Tea เปิด Pop-Up Store ที่ Mega Bangna เป็น Molly Tea Truck มีโปรส่วนลด 12% สำหรับผู้ติดตามช่อง Feel wa อีกด้วย 💖

#mollytea #mollyteaTH #mollyteatruck
#รถดั้มม์ฟีลว่าอยากแนะนำ",https://drive.google.com/drive/folders/1bEErZtlRgmTMqN4k3DBFXtmNH0RdM_K2,"- 0.32 เปลี่ยนจากคำว่า LINE OA เป็น บ้านเขียว เพื่อป้องกันการถูกลดการมองเห็น

- รบกวนเติม Background Music คลอๆสไตลือินฟลูฯ","0.01 Snowy Jasmine (คำสะกด)
 วีดิโอส่วนอื่นๆ โอเคค่ะ แต่ไม่แน่ใจว่าสามารถเปลี่ยนฟุตที่เห็นแก้วใส เป็นฟุตอื่นได้ไหมคะ เนื่องจากปัญหาที่ต้องใช้แก้วใสติดสติกเกอร์ทดแทนแก้วหลักชั่วคราว เลยอยากให้เห็นแก้วใสน้อยลงค่ะ ",https://drive.google.com/file/d/1bWwpY-PMDxwO59a9n8cGT-8ekc-VqvX7/view?usp=drivesdk,ผ่าน,approved,,,,"TikTok Video: https://vt.tiktok.com/ZSQgb2Aev/
IG Reels: https://www.instagram.com/reel/DZq6AtESNfy/",TikTok Video: #VgSaVbq7MNNsbkgRy9NndsIuZ8pfFJ0XczV2XfRqDN/U7QyK1WSwCxB0aGJQ784=,"7,035",4600,323,9,32,54,2057,194,6,7,0,0,8 June
6,Non-selected,gaga.rpu,https://www.tiktok.com/@gaga.rpu,"9,868",TRUE,,,"Mega Bangna
8 มิ.ย. 69 - 12.00",,,,,,,,,,,,,,,,,,,,,,,,,
2,Done,nitedreview,https://www.tiktok.com/@nitedreview,"51,200",TRUE,,TRUE,"Mega Bangna
8 มิ.ย. 69 - 12.00",ชาวบางนากรี๊ดสนั่น! 📣 Molly Tea Truck ป็อปอัพสุดคิวท์มาเปิดที่เมกาบางนาแล้วจ้าาา~ ✨ พิเศษสุดๆ เพียงแค่กรอก MOLLYTEAMEGABANGNA แจกโค้ดส่วนลดไปเลย 12% ทั้งออเดอร์ ลดไปเลยจุกๆ! วันนี้ - 30 มิ.ย 69 📍 พิกัด: เมกาบางนา Zone Outdoor หน้าทางเข้าห้าง รีบแท็กชวนเพื่อนด่วน ก่อนจะหมดแคมเปญน้าาา 👇🏻#MollyTea #MollyTeaTH #MollyTeaTruck #เมกาบางนา #Megabangna,https://drive.google.com/file/d/1EJYUDDL6U7l--wyCijfC56WsNGk8zggO/view?usp=sharing,"- 0.26 - 0.28/0.33 - 0.35 รบกวนเปลี่ยน Font ไม่มีหัว ที่ดูเรียบ แต่ดูดีค้า
- 0.31 เปลี่ยน Text และ เสียงพากย์ จากคำว่า Line OA เป็น ""บ้านเขียว"" เพื่อหลีกเลี่ยงการลดการมองเห็น
- รบกวนเติม Backgroud Music แนวสนุกคาเฟ่ สไตล์อินฟลูฯ
- ช่วงที่โชว์แก้วใสเยอะๆ พอจะมี Footage เพิ่มเติมมั้ยนะค้า พอดีไม่อยากโชว์แก้วใสเยอะ อยากโชว์แก้วสีชมพูมากว่า","0.38 ที่แจ้งว่า เดือนมิถุนายนนี้ ... > อยากให้เปลี่ยนเป็นอย่างอื่นเนื่องจากฟังดูเหมือน molly tea มาเปิดแค่เดือน มิ.ย. ค่ะ แต่จริงๆมอลลี่ทีมาเปิดถึงสิ้นปีนี้เลยค่า 

ไม่แน่ใจว่าสามารถเปลี่ยนฟุตที่เห็นแก้วใส เป็นฟุตอื่นได้ไหมคะ เนื่องจากปัญหาที่ต้องใช้แก้วใสติดสติกเกอร์ทดแทนแก้วหลักชั่วคราว เลยอยากให้เห็นแก้วใสน้อยลงค่ะ ",https://drive.google.com/file/d/1DZFBfYMiDDfMPh3SH3K7ay4ePvPX6Xn6/view?usp=drivesdk,ผ่าน,"0.03 แก้ voice over ""เขามี pop-up store มาในรูปแบบ molly tea truck""

ส่วนอื่นโอเคแล้วค่ะ",https://drive.google.com/file/d/1HDAsuyxbrWPw1yQ0LvbE9WNhCkA1iDm2/view?usp=drivesdk,ผ่าน,approved,"TikTok Video: https://vt.tiktok.com/ZSQ7Ga8pC/
IG Reels: https://www.instagram.com/reel/DZwtzpYxPua/",TikTok Video: #oZ28oDalzTiNOXWgdx8AbwK2uN1eN5+ht6tIR5D8tqRJMFgSY25Na2bOPEKD5tg=,"3,788",3300,230,2,10,7,210,8,1,0,0,0,8 June
8,Non-selected,pawiixy3,https://www.tiktok.com/@pawiixy3,"31,300",TRUE,,,"Mega Bangna
8 มิ.ย. 69 - 12.00",,,,,,,,,,,,,,,,,,,,,,,,,
9,Non-selected,wachiraphorntawar,https://www.tiktok.com/@wachiraphorntawar,"11,300",TRUE,,,"Mega Bangna
8 มิ.ย. 69 - 12.00",,,,,,,,,,,,,,,,,,,,,,,,,
10,Non-selected,porly2001,https://www.tiktok.com/@porly2001,"41,600",TRUE,,,"Mega Bangna
8 มิ.ย. 69 - 12.00",,,,,,,,,,,,,,,,,,,,,,,,,
11,Non-selected,nornanreview,https://www.tiktok.com/@nornanreview,"70,200",TRUE,,,"Mega Bangna
8 มิ.ย. 69 - 12.00",,,,,,,,,,,,,,,,,,,,,,,,,
12,Non-selected,superlinllyn,https://www.tiktok.com/@superlinllyn,"8,469",TRUE,,,"Mega Bangna
8 มิ.ย. 69 - 12.00",,,,,,,,,,,,,,,,,,,,,,,,,
3,Done,kktxx,https://www.tiktok.com/@kktxx,"3,111",TRUE,,TRUE,"Mega Bangna
8 มิ.ย. 69 - 12.00","สีชมพูสดใสน่ารักแต่ถ้าอยากได้ Discount 12% ลดทั้งบิลต้องดูให้จบคลิปน้า ~ 

โปรวัน - 30 June เฉพาะที่สาขา Mega Bangna เท่านั้น
📍  Molly Tea Truck [ pop up store ] 
🚗 : Mega Bangna ",https://drive.google.com/drive/folders/1r2STjMYmSj0FTI9jEShEtZt_mHHAurt7,-,"0.07 pop-up store ที่ mega bangna อยู่ยาวๆจนถึงสิ้นปีเลยนะคะ รบกวนแก้ไขค่า
0.23 ไม่ใช่พีนัทนะคะ รบกวนเปลี่ยนเป็น ถั่วพีแคน ค่ะ (Pecan) 
0.44 รู้สึกว่าตัว code ขึ้นและลงไวไปนิดนึงค่ะ 

ไม่แน่ใจว่าสามารถเปลี่ยนฟุตที่เห็นแก้วใส เป็นฟุตอื่นได้ไหมคะ เนื่องจากปัญหาที่ต้องใช้แก้วใสติดสติกเกอร์ทดแทนแก้วหลักชั่วคราว เลยอยากให้เห็นแก้วใสน้อยลงค่ะ 
",https://drive.google.com/drive/folders/1r2STjMYmSj0FTI9jEShEtZt_mHHAurt7,"0.23 เขียนเป็น ถั่วพีแคน ใช้ฟอนต์ภาษไทยไม่มีหัวนิดนึงนะค้า (ให้ดูเรียบ วัยรุ่นมากขึ้น)
0.39  ใช้ฟอนต์ภาษไทยไม่มีหัวนิดนึงนะค้า (ให้ดูเรียบ วัยรุ่นมากขึ้น)
- 0.39 คำว่า Line OA เป็น ""บ้านเขียว"" เพื่อหลีกเลี่ยงการลดการมองเห็น
- เติมเพลงคลอๆแนวาเฟ่สไตล์อินฟลูฯ ตลอดทั้งคลิป",ตาม comment agency ค่ะ,https://drive.google.com/drive/folders/1r2STjMYmSj0FTI9jEShEtZt_mHHAurt7,ผ่าน,approved,"TikTok Video: https://vt.tiktok.com/ZSQnYrMH3/
IG Reels: https://www.instagram.com/reel/DZufCkmBAbS/",TikTok Video: #M4wBe4IZnsM8hVrLTvbJNlIuk1tp7UxUQdnv0y89dYnz/TaYAD5o0ihlC75Qv0c=32 °F,"8,639",5400,117,1,1/,46,826,17,0,0,0,0,8 June
4,Done,wilaipaireview,https://www.tiktok.com/@wilaipaireview,"12,700",TRUE,,TRUE,"Mega Bangna
8 มิ.ย. 69 - 12.00","ปักหมุดพิกัดเด็ดเดือนมิถุนายน! 📍 Molly Tea Truck @ Mega Bangna (โซน Outdoor หน้าทางเข้าห้าง) 
ชานมเลิฟเวอร์บอกเลยว่าต้องมาเช็กอินด่วนๆ 🧋 

รอบนี้จัดมาให้ลอง 2 เมนูไฮไลต์:
✨ Premium Jasmine Apple Milk Tea ชานมมะลิแอปเปิล หอมหวานละมุน สดชื่นเต็มรสแอปเปิลคั้นสดและใบชาชั้นดีจากยูนนาน
✨ Snowy Jasmine ชานมมะลิท็อปวิปครีมมะลิเนื้อนุ่ม ครีมมี่สุดๆ เพิ่มความฟินด้วยพีแคนบดกรุบกรอบด้านบน

🎁 พิเศษ! โค้ดส่วนลดจากช่อง 🎁 ( บอกว่าตามมาจากคลิปนี้ )
รับส่วนลด 12% ทั้งออเดอร์ ไปเลยฟรีๆ!  ง่ายๆ แค่แอด LINE OA แล้วส่งโค้ด ⏩ MOLLYTEAMEGABANGNA ⏪ 
(ใช้โค้ดได้ถึง 30 มิ.ย. 69 เฉพาะสาขา Mega Bangna เท่านั้นจ้า)

#mollytea #mollyteaTH #mollyteatruck #MegaBangna #แจกโค้ดส่วนลด",https://drive.google.com/drive/folders/10wJqidDDP76kMkgSnHlzmxJ5U0tzNXAu,"- 1.01 แก้ไขจากคำว่า เมกะบางนา เป็น เมกาบางนา
- 1.05 เปลี่ยน Text และ เสียงพากย์ จากคำว่า Line OA เป็น ""บ้านเขียว"" เพื่อหลีกเลี่ยงการลดการมองเห็น
- ช่วงที่โชว์แก้วใสเยอะๆ พอจะมี Footage เพิ่มเติมมั้ยนะค้า พอดีไม่อยากโชว์แก้วใสเยอะ อยากโชว์แก้วสีชมพูมากว่า","0.04 ที่แจ้งว่า เดือนมิถุนายนนี้ ... > อยากให้เปลี่ยนเป็นอย่างอื่นเนื่องจากฟังดูเหมือน molly tea มาเปิดแค่เดือน มิ.ย. ค่ะ แต่จริงๆมอลลี่ทีมาเปิดถึงสิ้นปีนี้เลยค่า 

ไม่แน่ใจว่าสามารถเปลี่ยนฟุตที่เห็นแก้วใส เป็นฟุตอื่นได้ไหมคะ เนื่องจากปัญหาที่ต้องใช้แก้วใสติดสติกเกอร์ทดแทนแก้วหลักชั่วคราว เลยอยากให้เห็นแก้วใสน้อยลงค่ะ ",https://drive.google.com/file/d/1GevoWzIoWGlN5RhmEodso0ZHggzTM-iW/view?usp=drivesdk,ผ่าน,approved,,,,"TikTok Video: https://vt.tiktok.com/ZSQqwmHdG/
IG Reels: https://www.instagram.com/reel/DZpNmIQyjlV/",TikTok Video: #/FQDU7EVr4EHN0EA3iug+DodQ0cnWdbef5gg2jKZ4Dv3ebge7Vevnw6wN4Tdo3o=,"83,600",19800,453,34,71,107,-,-,-,-,-,-,8 June
15,Non-selected,kukkikpunnada,https://www.tiktok.com/@kukkikpunnada,"135,300",TRUE,,FALSE,"Mega Bangna
8 มิ.ย. 69 - 12.00",,,,,,,,,,,,,,,,,,,,,,,,,
5,Done,neranirvana,https://www.tiktok.com/@neranirvana,"2,060",TRUE,,TRUE,"Mega Bangna
8 มิ.ย. 69 - 12.00","คิ้วท์ไม่ไหว! 💕 Molly Tea Truck บุกเมกาบางนาแล้วจ้าาา แถมมีมุมถ่ายรูปสุดปัง และที่พิเศษ! มีโค้ดลดแจก 12% ทั้งออเดอร์ในคลิปด้วยนะ รีบตามมาเช็คอินด่วน

#MollyTea #MollyTeaTruck #รีวิวเมกาบางนา #อร่อยบอกต่อ #รีวิวคาเฟ่",https://drive.google.com/drive/folders/1wB9cdfepolXdDFVBjWyEEnLbumqI7sh-,"- 0.14 - 0.16 รบกวนเพิ่ม Text ชื่อเมนู
- 0.42 เปลี่ยน Text และ เสียงพากย์ จากคำว่า Line OA เป็น ""บ้านเขียว"" เพื่อหลีกเลี่ยงการลดการมองเห็น
- ช่วงที่โชว์แก้วใสเยอะๆ พอจะมี Footage เพิ่มเติมมั้ยนะค้า พอดีไม่อยากโชว์แก้วใสเยอะ อยากโชว์แก้วสีชมพูมากว่า","แก้ตาม feedback ของ agency ได้เลยค่ะ

ไม่แน่ใจว่าสามารถเปลี่ยนฟุตที่เห็นแก้วใส เป็นฟุตอื่นได้ไหมคะ เนื่องจากปัญหาที่ต้องใช้แก้วใสติดสติกเกอร์ทดแทนแก้วหลักชั่วคราว เลยอยากให้เห็นแก้วใสน้อยลงค่ะ ",https://drive.google.com/drive/folders/1wB9cdfepolXdDFVBjWyEEnLbumqI7sh-,ผ่าน,approved,,,,"TikTok Video: https://vt.tiktok.com/ZSQqojnta/
IG Reels: https://www.instagram.com/reel/DZpIHGqy9qQ/",TikTok Video: #7Y/wwEXmsSotbRh345kGRfEeitLQiUQgJrRkQYf24DTsRvijShJ1NofcQ+Z+vNw=,"2,101",1500,79,2,0,4,811,17,1,0,0,0,8 June
17,Non-selected,mornmellodyz,https://www.tiktok.com/@mornmellodyz,"147,700",TRUE,,,"Mega Bangna
8 มิ.ย. 69 - 12.00",,,,,,,,,,,,,,,,,,,,,,,,,
18,Non-selected,boattnp_,https://www.tiktok.com/@boattnp_,"11,600",TRUE,,,"Mega Bangna
8 มิ.ย. 69 - 12.00",,,,,,,,,,,,,,,,,,,,,,,,,
19,Non-selected,aineeye,https://www.tiktok.com/@aineeye,"10,600",TRUE,,FALSE,"Mega Bangna
8 มิ.ย. 69 - 12.00",,,,,,,,,,,,,,,,,,,,,,,,,
20,Non-selected,kii_mikumi,https://www.tiktok.com/@kii_mikumi,"45,200",TRUE,,,"Mega Bangna
8 มิ.ย. 69 - 12.00",,,,,,,,,,,,,,,,,,,,,,,,,
21,Non-selected,qngap,https://www.tiktok.com/@qngap,"10,500",TRUE,,,"Mega Bangna
8 มิ.ย. 69 - 12.00",,,,,,,,,,,,,,,,,,,,,,,,,
22,Non-selected,pooh.monster,https://www.tiktok.com/@pooh.monster,"120,300",TRUE,,,"Mega Bangna
8 มิ.ย. 69 - 12.00",,,,,,,,,,,,,,,,,,,,,,,,,
36,Non-selected,minixx_t,https://www.tiktok.com/@minixx_t,"13,600",TRUE,,FALSE,,,,,,,,,,,,,,,,,,,,,,,,,,extra
24,Non-selected,graphic.review,https://www.tiktok.com/@graphic.review,"31,700",TRUE,,,"Mega Bangna
8 มิ.ย. 69 - 12.00",,,,,,,,,,,,,,,,,,,,,,,,,
6,Done,jahismmm,https://www.tiktok.com/@jahismmm,"48,100",TRUE,,TRUE,"Mega Bangna
22 มิ.ย. 69 - 15:00","มาแล้วว Molly Tea สุดคิ้วท์💗
ในตีม Molly Tea Truck @Mega Bangna
แจกโค้ดลด 12% ท้ายคลิปด้วยย~
#mollytea #mollyteaTH #mollyteatruck #อร่อยบอกต่อ #รีวิวคาเฟ่",https://drive.google.com/drive/folders/1F4VIwpbqXdTgX95ch3RSVwfgT5vjKmHs,ผ่าน,"0.37 Molly Tea Truck สะกดผิดนะคะ

หากแก้แล้ว สามารถลงได้เลยค่ะ",,,,,,,"TikTok Video: https://vt.tiktok.com/ZSCjKe3EC/
IG Reels: https://www.instagram.com/reel/DaCY7SnRbAa/",TikTok Video: #4nPEOxxXPXQctN9hEOZa863KrbL/r1hx18Wmc1cnIZO/ozKo31a8hCDl+zp/5Is=,"12,800",6100,110,3,9,16,3395,141,0,1,0,0,
26,Non-selected,vegissy,https://www.tiktok.com/@vegissy,"22,100",TRUE,,,"Mega Bangna
8 มิ.ย. 69 - 12.00",,,,,,,,,,,,,,,,,,,,,,,,,
13,cancel,pooganginkgo,https://www.tiktok.com/@pooganginkgo,"33,400",TRUE,,TRUE,,,,,,,,,,,,,,,,,,,,,,,,,,
28,Non-selected,nnonktp,https://www.tiktok.com/@nnonktp,"13,600",TRUE,,,"Mega Bangna
8 มิ.ย. 69 - 12.00",,,,,,,,,,,,,,,,,,,,,,,,,
29,Non-selected,mycookiehouse,http://www.tiktok.com/@mycookiehouse,"23,600",TRUE,,FALSE,"Mega Bangna
8 มิ.ย. 69 - 12.00",,,,,,,,,,,,,,,,,,,,,,,,,
30,Non-selected,flukexway,https://www.tiktok.com/@flukexway,"4,119",TRUE,,,"Mega Bangna
8 มิ.ย. 69 - 12.00",,,,,,,,,,,,,,,,,,,,,,,,,
7,Done,papainhaii,https://www.tiktok.com/@papainhaii,"20,300",TRUE,,TRUE,"Mega Bangna
22 มิ.ย. 69 - 13:00","💗Molly Tea Truck มาแล้วที่ Mega Bangna🧋✨

เดือนมิถุนายนนี้ Molly Tea ยก Pop-Up Store มาในรูปแบบ Molly Tea Truck ตั้งอยู่โซน Outdoor Mega Bangna

✨ โปรพิเศษสำหรับคนดูช่อง ภาไปไหน
พิมพ์คำว่า MOLLYTEAMEGABANGNA ส่งที่บ้านเขียว >> รับคูปองส่วนลด 12% ทั้งออเดอร์

📍 Molly Tea Truck @ Mega Bangna
📅 วันนี้ - 30 มิ.ย. 69
🎟️ ส่วนลดใช้ได้เฉพาะสาขา Mega Bangna เท่านั้น

#mollytea #mollyteaTH #mollyteatruck ",https://drive.google.com/drive/folders/1o9tfzH-ZxJ6U8ZpF2egcikRKe-5jWWW9,-,0.52 voice over รบกวนไม่ต้องแจ้งว่าตั้งถึงวันไหนนะคะ ทางร้านจะตั้งยาวๆจนถึงเดือนพฤศจิกายนเลยค่ะ แต่ไม่ต้องแจ้งในคลิปก็ได้ค่ะ,https://drive.google.com/file/d/1DTY78Eqb15sSV0DJdNbExIJXzdZFgUV3/view?usp=drivesdk,ผ่าน,approved,,,,"TikTok Video: https://vt.tiktok.com/ZSCDpxfN3/
IG Reels: https://www.instagram.com/reel/DaKAFE9z9iv/",TikTok Video: #zj0lI4XytIszXDy6ZbQQsY82a3KE/xG3nqr7EOttSTosuCDaygNfx6uVuT9NstE=,"2,120",365,20,10,2,3,579,16,0,0,0,0,
32,Non-selected,smxxe.98,https://www.tiktok.com/@smxxe.98,"22,100",TRUE,,,"Mega Bangna
8 มิ.ย. 69 - 12.00",,,,,,,,,,,,,,,,,,,,,,,,,
8,Done,any.anyavee,https://www.tiktok.com/@any.anyavee,"32,200",TRUE,,TRUE,"Mega Bangna
22 มิ.ย. 69 - 14:00","ถ้านี้ Pop up Store ที่น่ารักที่สุด และมาพร้อมกับชาที่หอมอร่อยฟินน~ 🫖💖 

#mollytea #mollyteaTH #mollyteatruck

🫶🏻 รายละเอียดกิจกรรม -12% ใครที่ตามมาจากช่องนี้
- กรอกคำว่า MOLLYTEAMEGABANGNA และส่งไปที่บ้านเขียว MOLLY TEA รับทันที -12% ทั้งออเดอร์ 
- ใช้ได้ตั้งแต่วันนี้จนถึง 30 มิ.ย. 69 เท่านั้น! 
- ใช้ได้เฉพาะสาขา MEGA BANGNA เท่านั้น 
",https://drive.google.com/file/d/170HyLPip4poJcgOrQhEJmKPQmcX_5E4J/view?usp=drivesdk,-,"0.04 voice over รบกวนตัดคำว่า ""เมนูใหม่"" ออก เนื่องจากในฟุตเป็นเมนูที่มีอยู่แล้วค่ะ 

0.12 รบกวนเพิ่ม text ตรงวันที่ว่า ""ใช้โค้ดส่วนลดได้ถึง 30 มิ.ย. 69""  

0.50 voice over รบกวนไม่ต้องเมนชั่นถึงเกลือนะคะ 

0.55 สะกด Mega Plaza ตกหล่นตัว e ค่ะ ",https://drive.google.com/file/d/1spt5IKdWn1FFQItA0GBX0SwjV0oCwRtu/view?usp=drivesdk,ผ่าน,ผ่าน,,,,"TikTok Video: https://vt.tiktok.com/ZSCfwTPtr/
IG Reels: https://www.instagram.com/reel/DaKt_0ANJIS/",TikTok Video: #yPKeO+2fVcGX+RqQv4hAUbz4HOLvXrlO94zBI/rzp9cxG27L78yfw6qxfnftEdI=,"4,007",886,27,3,6,4,413,14,0,0,0,0,
34,Non-selected,s_eyelyn,https://www.tiktok.com/@s_eyelyn,"30,000",TRUE,,,"Mega Bangna
8 มิ.ย. 69 - 12.00",,,,,,,,,,,,,,,,,,,,,,,,,
35,Non-selected,famsrwpp,https://www.tiktok.com/@famsrwpp,"5,408",TRUE,,,"Mega Bangna
8 มิ.ย. 69 - 12.00",,,,,,,,,,,,,,,,,,,,,,,,,
9,Done,kittyivy_,https://www.tiktok.com/@kittyivy_,"17,900",TRUE,,TRUE,"Mega Bangna
23 มิ.ย. 69 - 15:00","finallyyyyชาวบางนามีMolly Tea Truckแล้วน้าาาาท้ายคริปแอบบอกส่วนลดใช้ได้ถึงสิ้นเดือนนี้เลยยยไปด่วนน💘🙌🏻 #mollytea #mollyteaTH #mollyteatruck",https://drive.google.com/drive/folders/1-Sr0TSO-VaFeyS9mFcu0gmKIRKORlS57,"- 0.00 เขียน Tea ผิด รบกวนแก้ไขจาก Tae เป็น Tea
- 0.25 เพิ่ม Text ลด 12%
- 0.26 เพิ่ม Text ตั้งแต่วันนี้ - 30 มิ.ย. 69 เท่านั้น! ",ตาม comment agency ค่ะ,https://drive.google.com/drive/folders/1-Sr0TSO-VaFeyS9mFcu0gmKIRKORlS57,ผ่าน,approved,,,,"TikTok Video: https://vt.tiktok.com/ZSCUg2CfJ/
IG Reels: https://www.instagram.com/reel/DaKrOZCwpDI/",TikTok Video: #IfJLfeRgr3HOtQ8uYnf4mKyURvXOOFOVS474AqbFKFzD/cm9GE7sUZotjFnxaks=,"9,231",1800,76,2,6,1,1940,75,2,0,0,0,
37,Non-selected,wanggorpaiher,https://www.tiktok.com/@wanggorpaiher,"8,968",TRUE,,FALSE,"Mega Bangna
8 มิ.ย. 69 - 12.00",,,,,,,,,,,,,,,,,,,,,,,,,
38,Non-selected,miss.marie39,https://www.tiktok.com/@miss.marie39,"15,800",TRUE,,,"Mega Bangna
8 มิ.ย. 69 - 12.00",,,,,,,,,,,,,,,,,,,,,,,,,
39,Non-selected,naneawitch,https://www.tiktok.com/@naneawitch,"152,000",TRUE,,,"Mega Bangna
8 มิ.ย. 69 - 12.00",,,,,,,,,,,,,,,,,,,,,,,,,
40,cancel,gimjipingping,https://www.tiktok.com/@gimjipingping,"185,200",TRUE,,TRUE,,,,,,,,,,,,,,,,,,,,,,,,,,
41,Non-selected,fffonnn23,https://www.tiktok.com/@fffonnn23,"18,200",TRUE,,FALSE,"Mega Bangna
8 มิ.ย. 69 - 12.00",,,,,,,,,,,,,,,,,,,,,,,,,
10,Done,saintststt,https://www.tiktok.com/@saintststt,"144,100",TRUE,,TRUE,"Mega Bangna
23 มิ.ย. 69 - 17:00","เดือนมิถุนายนนี้ Molly Tea Truck🚛💖 มาเสิร์ฟความสดชื่นที่ Mega Bangna พร้อมมุมถ่ายรูปสุดชิล 🧋🏖️

🎀รับส่วนลด 12% ทั้งออเดอร์ เพียงส่งโค้ด “MOLLYTEAMEGABANGNA” ไปที่ LINE OA ของ Molly Tea
*ใช้ได้เฉพาะสาขา Molly Tea Truck @ Mega Bangna ถึง 30 มิ.ย. 69 !

#mollytea #mollyteaTH #mollyteatruck #megabangna #ชานมมะลิ",https://drive.google.com/drive/folders/11N0YT3lzfpAKM4eEmXmW3wdgT0m1lXql,,"approved  

รบกวนเพิ่มเพลงค่ะ",,,,,,,"TikTok Video: https://vt.tiktok.com/ZSCh1tfU2/
IG Reels: https://www.instagram.com/reel/DaE7cEhzd0j/",TikTok Video: #AiDA4MYw7UWARBumFVtwYaGvNICtxyX1XC2stTPeZlMXbtayyjT69exdL/pRTD8=,"27,600",16800,859,1,23,9,2185,78,3,2,0,0,
43,Non-selected,abouteating,https://www.tiktok.com/@abouteating,"1,400",TRUE,,,"Mega Bangna
8 มิ.ย. 69 - 12.00",,,,,,,,,,,,,,,,,,,,,,,,,
44,cancel,lifewithapple.s,https://www.tiktok.com/@lifewithapple.s,"177,800",TRUE,,TRUE,,,,,,,,,,,,,,,,,,,,,,,,,,
45,Non-selected,baby.aryn66,https://www.tiktok.com/@baby.aryn66,"6,085",TRUE,,,"Mega Bangna
8 มิ.ย. 69 - 12.00",,,,,,,,,,,,,,,,,,,,,,,,,
46,Non-selected,reanhipp_o,https://www.tiktok.com/@reanhipp_o,"48,700",TRUE,,,"Mega Bangna
8 มิ.ย. 69 - 12.00",,,,,,,,,,,,,,,,,,,,,,,,,
11,Done,toeymono,https://www.tiktok.com/@toeymono,"29,400",TRUE,,TRUE,"Mega Bangna
26 มิ.ย. 69 - 12.00"," Food truck ที่น่ารักที่สุด 📍Molly tea food truck Mega Bangna #mollytea #mollyteaTH #mollyteatruck",https://drive.google.com/drive/folders/10pop2EKX74nk6iqO-fo5W4GjPJfX59bc,,"0.38 ส่วนลดต้องกรอกและส่งมาทางบ้านเขียวนะคะ ""MOLLYTEAMEGABANGNA"" ถึงจะกดรับส่วนลดได้ค่ะ 

มีแก้ไขแค่นี้ค่ะ",https://drive.google.com/drive/folders/10pop2EKX74nk6iqO-fo5W4GjPJfX59bc,ผ่าน,0.38 ตัด voice over ที่แจ้งหน้าสาขาออกค่ะ ลูกค้าไม่ต้องแจ้งว่าตามมาจากช่องไหน และสามารถกรอกโค้ดทางระบบสมาชิกบ้านเขียวและ รับส่วนลดได้ทันทีค่ะ,https://drive.google.com/drive/folders/10pop2EKX74nk6iqO-fo5W4GjPJfX59bc,ผ่าน,*0.39 Molly Tea Truck สะกดผิดค่ะ  หากแก้ส่วนนี้แล้วก็สามารถลงได้เลยค่ะ,"TikTok Video: https://vt.tiktok.com/ZSCPbxSFj/
IG Reels: https://www.instagram.com/reel/DaM0IZ9Ouyc/",TikTok Video: #UJqr6q0thVHIwWheb1IJvs1uY+fPsLhGuZEWSiQZmHnxLf0ujrw+0ypCfpghm8M=,"7,940",7600,195,5,17,14,5388,241,10,1,0,0,
48,Non-selected,baitong_little_duck,https://www.tiktok.com/@baitong_little_duck,"18,700",TRUE,,,"Mega Bangna
8 มิ.ย. 69 - 12.00",,,,,,,,,,,,,,,,,,,,,,,,,
49,Non-selected,dish.is.dietfood,https://www.tiktok.com/@dish.is.dietfood,"38,100",TRUE,,,"Mega Bangna
8 มิ.ย. 69 - 12.00",,,,,,,,,,,,,,,,,,,,,,,,,
50,Non-selected,sommickez,https://www.tiktok.com/@sommickez,"17,400",TRUE,,,"Mega Bangna
8 มิ.ย. 69 - 12.00",,,,,,,,,,,,,,,,,,,,,,,,,
12,Done,tiewpaisuaypaii.sine,https://www.tiktok.com/@tiewpaisuaypaii.sine,"112,500",TRUE,,TRUE,"Mega Bangna
25 มิ.ย. 69 - 12.00","🚌💚 ชานมเจ้าดังเปิดตัว Molly Tea Truck ที่ Mega Bangna แล้วนะ! มีมุมถ่ายรูปฟีลชายหาดด้วย 📸 รอบนี้ลอง ชานมมะลิแอปเปิล กับ สโนว์มะลิ ดีงามมากกก!
🎁 แจกโค้ดลด 12% ทั้งออเดอร์ พิมพ์ MOLLYTEAMEGABANGNA ส่งไปที่ LINE OA เลย
🗓️ ถึง 30 มิ.ย. 69 นี้เท่านั้น! (เฉพาะสาขานี้)
#mollytea #mollyteaTH #mollyteatruck",https://drive.google.com/file/d/17p0hJoNYETTXmORxHdKXQcXowbla8lZQ/view?usp=drivesdk,"- 0.25 เขียน Text เมนูผิด รบกวนแก้ไขเป็น Snowy Jasmine
- 0.33 รบกวนใช้ Font ภาษาไทยที่ไม่มีหัว เพื่อทำให้คลิปดูเข้ากับภาพลักษณ์แบรนด์มากขึ้น
- 0.36 พูดจากคำว่าไลน์ เป็น บ้านเขียว และขึ้น Text ว่า
กรอกคำว่า MOLLYTEAMEGABANGNA 
และส่งไปที่ บ้านเขียว
รับทันทีคูปองส่วนลด 12% ทั้งออเดอร์
- 0.45 เพิ่ม Text  โปรใช้ได้ตั้งแต่วันนี้
- 0.46 เพิ่ม Text  จนถึง 30 มิ.ย. 69 เท่านั้น! ","0.35 ขอให้ text ตรง Code ติดกันค่ะ ""MOLLYTEAMEGABANGNA""

และตาม feedback จาก agency ค่ะ",https://drive.google.com/file/d/1KY2VNnskCuqpTJCHcywx0N8z2QoF-8BQ/view?usp=drivesdk,ผ่าน,"0.36 ตัด voice over ""เพียงแค่แคปหน้าจอนี้"" ออกค่ะ ลูกค้าสามารถกรอกโค้ดทางระบบสมาชิกบ้านเขียวและ รับส่วนลดได้ทันทีค่ะ 
0.37 รบกวนขึ้น text ให้บังโลโก้ร้าน sushi plus ไปจนฟุตเทจที่เห็นร้าน sushi plus หมดค่ะ ไม่อยากให้เห็นโลโก้ร้านอื่นนะคะ 
0.38 voice over ""และส่งไปที่บ้านเขียว"" เสียงค่อนข้างต่างจากทั้งคลิปเลยค่ะ รบกวนแก้ค่ะ",https://drive.google.com/file/d/11iyUAJB6lNf_rx_9ZHy_ixdzQfy56qOD/view?usp=drivesdk,"0.32 - 0.35 เสียงที่พูดว่า สามารถกรอกโค้ดทางระบบสมาชิกบ้านเขียว
0.37 ที่พูดว่า Molly Tea Mega Bangna รับทันทีคูปองส่วนลด 12% มันดูไม่ต่อเนื่องกับคำพูดก่อนหน้าตอน 0.32 - 0.35 อินฟลูฯตัดคลิปตกหล่นมั้ยคะ

เราแก้เป็นแบบนี้ดีมั้ย
0.30 -  พิเศษสุดๆ คนที่ดูคลิปนี้ แจกโค้ดส่วนลด 12% เพียง กรอกโค้ดนี้ แล้วส่งไปที่ระบบสมาชิก Molly Tea บ้านเขียว 
","0.32 - 0.35 เสียงที่พูดว่า สามารถกรอกโค้ดทางระบบสมาชิกบ้านเขียว
0.37 ที่พูดว่า Molly Tea Mega Bangna รับทันทีคูปองส่วนลด 12% มันดูไม่ต่อเนื่องกับคำพูดก่อนหน้าตอน 0.32 - 0.35 อินฟลูฯตัดคลิปตกหล่นมั้ยคะ

เราแก้เป็นแบบนี้ดีมั้ย
0.30 -  พิเศษสุดๆ คนที่ดูคลิปนี้ แจกโค้ดส่วนลด 12% เพียง กรอกโค้ดนี้ แล้วส่งไปที่ระบบสมาชิก Molly Tea บ้านเขียว 
","TikTok Video: https://vt.tiktok.com/ZSCx2j8E2/
IG Reels: https://www.instagram.com/reel/DaSWKPFh2BV/",TikTok Video: #l8GeOho3/f+f3rxLeu12xOe6w7ajNSBbue6HmzceR/cHwgtShCxtsI5cCUl0vN4=,"2,506",2500,2,0,0,0,3683,210,2,0,0,0,0
52,Non-selected,thomas_suii,https://www.tiktok.com/@thomas_suii,"145,300",TRUE,,,"Mega Bangna
8 มิ.ย. 69 - 12.00",,,,,,,,,,,,,,,,,,,,,,,,,
53,Non-selected,live_and_run,https://www.tiktok.com/@live_and_run,"1,174",TRUE,,,"Mega Bangna
8 มิ.ย. 69 - 12.00",,,,,,,,,,,,,,,,,,,,,,,,,
54,Non-selected,snbutter,https://www.tiktok.com/@snbutter,"84,600",TRUE,,,"Mega Bangna
8 มิ.ย. 69 - 12.00",,,,,,,,,,,,,,,,,,,,,,,,,
55,Non-selected,ninew.kwanchanok,https://www.tiktok.com/@ninew.kwanchanok,"265,900",TRUE,,,"Mega Bangna
8 มิ.ย. 69 - 12.00",,,,,,,,,,,,,,,,,,,,,,,,,
13,Done,grace.isgrace,https://www.tiktok.com/@grace.isgrace,"4,352",TRUE,,TRUE,"Mega Bangna
8 มิ.ย. 69 - 12.00","Molly Tea Truck มาบุกที่ Mega Bangna แล้วน้าาา 💗🫶🏻🥰
ห้ามพบาดเด็ดขาด กับ โปรลดพิเศษ 12% ถึง วันที่ 30 มิถุนายน 2569 เท่านั้น 

#mollytea #mollyteaTH #mollyteatruck",https://drive.google.com/drive/folders/1WYY3ZNI92Ovw8cGmyLitVzEDRl4Vyp5m?usp=sharing,"ผ่าน
(เติมเพลงคลอๆ สไตล์คาเฟ่มอลลี่ที)","0.02 voice over ""มอลลี่ที ป๊อบอัพสตอร์มาในรูปแบบของ Molly Tea Truck"" 

ส่วนอื่นผ่านค่า ",https://drive.google.com/drive/folders/1WYY3ZNI92Ovw8cGmyLitVzEDRl4Vyp5m?usp=sharing,"ผ่าน
(เติมเพลงคลอๆ สไตล์คาเฟ่มอลลี่ที)",approved,,,,"TikTok Video: https://vt.tiktok.com/ZSCff1QV8/
IG Reels: https://www.instagram.com/reel/DaJ-i_bK2ko/",TikTok Video: #44cyk+TJHhxcsX5KLuByA7zGst2TutNkCsLqZ3q9Lt8sHw0yEE5y2/lFhUFqmNY=,"5,061",3200,63,6,11,10,449,21,0,4,0,0,8 June