Status,Project,,,,,,,,,,,,,,,,,,,,Campaign Summary,,,,,,,,,,,,
In Process,Molly Tea CWG,,,,,,,,,,,,,,,,,,,,Followers,,Cost,,,,,,,,,,
,,,,,,,,,,,,,,,,,,,,,Total View,,Cost/View,,,,,,,,,,
,,,,,,0,30,,,,,*** Molly Tea กรอก ***,,,*** Molly Tea กรอก ***,,,,,,Total Reach,,Cost/Reach,,,,,,,,,,
,,,,,,,,,,,,,,,,,,,,,Total Engagement,,Cost/Engagement,,,,,,,,,,
No.,Status,Tiktok Channel,Tiktok Link,Followers TT,KOL Confirm,Foxtells Confirm,Molly Tea Confirm,วันและเวลาเข้าถ่าย,Caption,Draft 1,Foxtells Suggestion (Draft 1),Molly Tea Comment (Draft 1),Draft 2,Foxtells Suggestion (Draft 2),Molly Tea Comment (Draft 2),Draft 3,Foxtells Suggestion (Draft 3),Client Comment (Draft 3),Link Post,Gen Code,Tiktok - View,Tiktok - Reach,Tiktok - Like,Tiktok - Share,Tiktok - Save,Tiktok - Comment,Reels - View,Reels - Like,Reels - Comment,Reels - Share,Reels - Repost,Reels - Save,Note
1,Non-selected,nutdemo6,https://www.tiktok.com/@nutdemo6,"52,200",TRUE,,,9 ก.ค. 69 - 15:00,,,,,,,,,,,,,,,,,,,,,,,,,
2,Non-selected,095bank,https://www.tiktok.com/@095bank,"12,300",TRUE,,,9 ก.ค. 69 - 15:00,,,,,,,,,,,,,,,,,,,,,,,,,
3,Non-selected,sommickez,https://www.tiktok.com/@sommickez,"17,400",TRUE,,,9 ก.ค. 69 - 15:00,,,,,,,,,,,,,,,,,,,,,,,,,
4,Non-selected,kunnida.cha,https://www.tiktok.com/@kunnida.cha,"4,712",TRUE,,,9 ก.ค. 69 - 16:00,,,,,,,,,,,,,,,,,,,,,,,,,
5,cancel,mu_am_,https://www.tiktok.com/@mu_am_,"12,200",TRUE,,FALSE,9 ก.ค. 69 - 16:00,,,,,,,,,,,,,,,,,,,,,,,,,
6,Non-selected,wilaipaireview,https://www.tiktok.com/@wilaipaireview,"12,700",TRUE,,,9 ก.ค. 69 - 16:00,,,,,,,,,,,,,,,,,,,,,,,,,
7,Non-selected,littelfeilie,https://www.tiktok.com/@littelfeilie,"6,240",TRUE,,,9 ก.ค. 69 - 15:00,,,,,,,,,,,,,,,,,,,,,,,,,
8,Non-selected,dormorgirlies,https://www.tiktok.com/@dormorgirlies,"16,500",TRUE,,,9 ก.ค. 69 - 15:00,,,,,,,,,,,,,,,,,,,,,,,,,
1,Done,tynpk,www.tiktok.com/@tynpk,"13,600",TRUE,,TRUE,9 ก.ค. 69 - 16:00,"Molly Tea เปิดสาขาใหม่ที่ Central Westgate แล้ว 💗🎉 แวะมาเช็กอิน Molly Tea สาขาที่ 10 ช่วง Grand Opening มีกิจกรรมจัดเต็ม ทั้งโปรโมชั่นสุดคุ้ม, Lucky Draw ลุ้นกาชาปอง และของรางวัลใหญ่และ Merchandise พิเศษอีกเพียบ 🎁

#mollytea #mollyteaTH #CentralWestgate #เซ็นทรัลเวสเกต ",https://drive.google.com/drive/folders/1WgeV-syHBpegrLbBySWWPIn2z0-KoMNF,"- 0.22 เพิ่ม text "" ตั้งแต่ 17-19 ก.ค. 69 ""
- 0.29 เพิ่ม text ""ตั้งแต่ 10 ก.ค. - 8 ส.ค. 69 ""
- 0.38 insert รูป Airpod pro 3
- 0.40 - 0.41 มีคลิปอื่นมั้ย เนื่องจากคลิปนี้นิ่งนานเกินไป
- 0.49 เพิ่ม Text ด้านล่าง/ด้านขวาคำว่า ""พิมพ์ส่งไปบ้านเขียว @mollyteathailand""
- 0.51 กล่องข้อความแจกโค้ดบังตัวอักษรที่เขียนว่า พิมพ์ส่งไปบ้านเขียว","ตาม comment agency ได้เลยค่ะ
https://drive.google.com/drive/folders/1HHC1L4SbH6ycSKjTz984mHFBreypAPzp?usp=sharing link รูปค่ะ",https://drive.google.com/drive/folders/1WgeV-syHBpegrLbBySWWPIn2z0-KoMNF,,approved,,,,"TikTok Video: https://vt.tiktok.com/ZSXDChxT1/
IG Reels: https://www.instagram.com/reel/Da2K3kzzPUd/",Gen Code (TikTok): #VD3ZlhCE00gQs6NQ2LKneHcJ3uqqya7ekmp3IEdepJTT09IIcZxVRlYy4DlguQw=,"5,318",3900,20,0,4,18,1030,37,0,1,0,0,
10,Non-selected,finfirstz,https://www.tiktok.com/@finfirstz,"10,600",TRUE,,,9 ก.ค. 69 - 15:00,,,,,,,,,,,,,,,,,,,,,,,,,
11,cancel,sunbeam.diary,https://www.tiktok.com/@sunbeam.diary,"8,589",TRUE,,FALSE,9 ก.ค. 69 - 15:00,,,,,,,,,,,,,,,,,,,,,,,,,
12,Non-selected,papabanbanfamily,https://www.tiktok.com/@papabanbanfamily,"14,800",TRUE,,,9 ก.ค. 69 - 16:00,,,,,,,,,,,,,,,,,,,,,,,,,
2,Done,luppui.l,https://www.tiktok.com/@luppui.l,"24,300",TRUE,,TRUE,9 ก.ค. 69 - 15:00,"Molly Tea ชาจีนเจ้าดัง มาบุกที่เซ็นทรัลเวสต์เกตแล้วน๊าาา มาพร้อมกิจกรรม Grand Opening โปรโมชั่นเพียบ 

 📍พิกัด เซ็นทรัลเวสต์เกต ชั้น 2 ตั้งอยู่ใกล้กับทางเข้า MRT 

#MollyTeaTH #Mollytea #เซ็นทรัลเวสต์เกต",https://drive.google.com/file/d/1UfnBidWgpcMtcaw_7jmPWtd3WwHB3nJO/view?usp=drivesdk,- 0.25 แก้ไข text ผิด จาก Saltea  เป็น Salted,"0.35 ไม่ต้องแจ้งในส่วนของถ่ายรูป check-in ลงโซเชียลค่ะ 1 แถม 1 สามารถซื้อได้ทันทีเฉพาะวัน Grand Opening ค่ะ
",https://drive.google.com/file/d/1YFYdWJD6HImqdFlQxJCRggva1RBtGy8v/view?usp=drivesdk,,"0.47 รบกวนเพิ่ม text ตอนที่แจ้งว่าส่วนลด 12% ทั้งร้าน ""ส่วนลด 12% ทั้งร้าน หมดเขต 16 ก.ค. 69 นี้เท่านั้น"" 

0.50 text ""Gode"" สะกดผิด ต้องเป็น Code ไหมคะ

ส่วนอื่นโอเคแล้วค่ะ หากแก้แล้วลงได้เลยค่ะ",,,,"TikTok Video: https://vt.tiktok.com/ZSXUXGWVU/
IG Reels: https://www.instagram.com/reel/Da224ldKcuR/",Gen Code (TikTok): #Pi4O2bz3L/ofBnpCHFsFNbFQqjITh0jnsgSbV6uQFbTXxhMgLQmsxcb9jQPzYME=,"33,100",18600,58,5,9,26,180,9,2,0,0,0,
14,Non-selected,best.lingnoii,https://www.tiktok.com/@best.lingnoii,"47,100",TRUE,,,9 ก.ค. 69 - 15:00,,,,,,,,,,,,,,,,,,,,,,,,,
15,Non-selected,giftounsaimoo,www.tiktok.com/@giftounsaimoo,"35,700",TRUE,,,9 ก.ค. 69 - 15:00,,,,,,,,,,,,,,,,,,,,,,,,,
16,Non-selected,gungging__g,https://www.tiktok.com/@gungging__g,"143,300",TRUE,,,9 ก.ค. 69 - 15:00,,,,,,,,,,,,,,,,,,,,,,,,,
17,Non-selected,croissantandfamily,https://www.tiktok.com/@croissantandfamily,"8,640",TRUE,,,9 ก.ค. 69 - 17:00,,,,,,,,,,,,,,,,,,,,,,,,,
18,Non-selected,miteen88,https://www.tiktok.com/@miteen88,"1,798",TRUE,,FALSE,9 ก.ค. 69 - 17:00,,,,,,,,,,,,,,,,,,,,,,,,,
19,Non-selected,niebnieb,https://www.tiktok.com/@niebnieb,"27,500",TRUE,,,9 ก.ค. 69 - 15:00,,,,,,,,,,,,,,,,,,,,,,,,,
3,cancel,fairytale.19,https://www.tiktok.com/@fairytale.19,"5,433",TRUE,,TRUE,9 ก.ค. 69 - 15:00,,,,,,,,,,,,,,,,,,,,,,,,,
3,Done,paerkmcn,https://www.tiktok.com/@paerkmcn,"2,060",TRUE,,TRUE,9 ก.ค. 69 - 17:00,"Molly Tea เปิดสาขาใหม่ที่ Central Westgate แล้ว! 🧋✨

🎁 แจกโค้ดส่วนลด แก้วที่ 2 ลด 50%
MOLLYTEA10TH

ใช้ได้ถึง 30 สิงหาคม เฉพาะ Molly Tea สาขา Central Westgate

#waแล้วต้องแซ่บ #iiws #ว่าแล้วต้องแซ่บ #mollytea #mollyteaTH #CentralWestgate #เซ็นทรัลเวสต์เกต",https://drive.google.com/drive/folders/1OCM7cmW5M_ePBboKADKGwTY3InwQzSwy?usp=sharing,"- 0..01 แก้คำปิดจาก เวสเกต เป็น เซ็นทรัล เวสต์เกต
- 0.13  เพิ่ม text "" ตั้งแต่ 17-19 ก.ค. 69 ""
-  0.32 เพิ่ม text ""ตั้งแต่ 10 ก.ค. - 8 ส.ค. 69 ""
- 0.38 insert รูป Airpod pro 3
- 0.48 แก้จากคำว่าไลน์ เป็น บ้านเขียว
- 0.48 แก้จาก Mollyteathailand เป็น @mollyteathailand","ตาม comment agency ได้เลยค่ะ
https://drive.google.com/drive/folders/1HHC1L4SbH6ycSKjTz984mHFBreypAPzp?usp=sharing link รูปค่ะ",https://drive.google.com/file/d/1OWhXCitKMIT4IpEug2vdFFShiXgxgnvk/view?usp=sharing,,approved,,,,"TikTok Video: https://vt.tiktok.com/ZSXD3RyrK/
IG Reels: https://www.instagram.com/reel/Da2Vz8jjhzR/",Gen Code (TikTok): #e2q6pJcNYKVi4QpJNUwlavNc3xEgg3PA29NvqKne9J3I1mJbEcHb5YTZchxvU0I=,"19,700",11900,40,0,4,11,433,13,0,2,0,0,
22,Non-selected,ppinht,https://www.tiktok.com/@ppinht,"11,400",TRUE,,,9 ก.ค. 69 - 17:00,,,,,,,,,,,,,,,,,,,,,,,,,
23,Non-selected,oilchanaporn,https://www.tiktok.com/@oilchanaporn,"4,505",TRUE,,,9 ก.ค. 69 - 17:00,,,,,,,,,,,,,,,,,,,,,,,,,
4,Done,foodjourneythai,https://www.tiktok.com/@foodjourneythai,"8,299",TRUE,,TRUE,9 ก.ค. 69 - 17:00,Molly Tea มาถึง Central Westgate แล้ว สาขาใหม่ล่าสุด สาขาที่ 10 Grand Opening 17-19 ก.ค. 69 โปรโมชั่นเพียบจ้า,https://drive.google.com/file/d/1LbRfLRwLvOs0wxH7NmukJ7UMkaRFfi4b/view?usp=drivesdk,"- 0.20 เพิ่ม Text ชื่อเมนู ""Snowy Jasmine""
- 0.29  เพิ่ม Text ชื่อเมนู ""Tongmu Milk Tea""
- 0.34 เพิ่ม text "" ตั้งแต่ 17-19 ก.ค. 69 ""
- 0.36 เพิ่ม Text ""ซื้อ 1 แถม 1""
- 0.41 เพิ่ม text ""ตั้งแต่ 10 ก.ค. - 8 ส.ค. 69 ""
** ข้อความที่เพิ่มทั้งหมดรบกวนขอเป็น Font ที่ไม่มีหัว
",ตาม comment agency ได้ค่ะ,https://drive.google.com/file/d/1ILELSRUIRLLt8w2l4gpAwzsqqIsDCL0k/view?usp=drivesdk,,approved,,,,"TikTok Video: https://vt.tiktok.com/ZSXUNr4gc/
IG Reels: https://www.instagram.com/reel/Da2ganxyC-2/",Gen Code (TikTok): #iwDUuvsTQQx3dkq0CcAYgLI0DHwz3332tlgFEHSpZ12kZDTDHpOnx3CJwPHXYO4=,"2,224",628,16,0,1,0,98,3,0,0,0,0,
5,Done,jormorcute,https://www.tiktok.com/@jormorcute,913,TRUE,,TRUE,9 ก.ค. 69 - 15:00,"ร้านชาเจ้าดัง มาเปิดสาขาใหม่ที่เซ็นทรัลเวสต์เกต ! 🥳🩷

พร้อมกับโปร 1 แถม 1 จะพลาดได้ไง ٩(ˊᗜˋ*)و

⭐️โปรโมชั่นพิเศษ
ซื้อเครื่องดื่มครบ 200 บาท/ใบเสร็จ
รับสิทธิ์หมุนกาชาปองลุ้นรางวัลใหญ่ AirPods Pro 3 / ลิป YSL / ของพรีเมียมอื่นๆ มากมาย✨

รีวิว Google Maps 👉🏻 รับฟรี!! ถุงหอมพิเศษจาก Molly Tea เก็บไว้เป็นที่ระลึก

ส่วนลดพิเศษ : เพิ่มเพื่อน @mollyteathauland
ส่งแชท 👉🏻 MOLLYTEA10TH  รับคูปองส่วนลด ฟรี!! 

ใครมาเซ็นทรัลเวสต์เกตห้ามพลาดนะ !
📍ร้านอยู่ตรงประตูทางเชื่อม MRT เลย",https://drive.google.com/drive/folders/1J9xG1Fw3P9fufrLKC_XG_abEpxjq4DZY,"- 0.04 แก้ไขข้อความเป็น ซื้อ 1 แถม 1 ในเมนูเดียวกัน เฉพาะเมนูที่ร่วมรายการ
- 0.21  insert รูป Airpod pro 3
- เติมเพลงคลอๆน่ารัก และสนุก ตลอดคลิป
",ตาม comment agency ได้ค่ะ,https://drive.google.com/file/d/1azOE5M_Sr-OrYm1QlyIjJEUfKIwqVEME/view?usp=drivesdk,,approved,,,,"TikTok Video: https://vt.tiktok.com/ZSXPMJvYx/
IG Reels: https://www.instagram.com/reel/Da5Aa-xhwSX/",Gen Code (TikTok): #2KQWsMZw7L/z0ob/JmryR/s7hj3I2ZokdxiTl7qp2fPlfulmpdRPyXz4jQIM888=,"29,100",5500,1108,20,228,904,3747,86,8,7,0,0,
26,Non-selected,pai_ya_review,https://www.tiktok.com/@pai_ya_review,"25,800",TRUE,,,9 ก.ค. 69 - 15:00,,,,,,,,,,,,,,,,,,,,,,,,,
6,Done,tarmjaipa,https://www.tiktok.com/@tarmjaipa,"29,600",TRUE,,TRUE,9 ก.ค. 69 - 15:00,"
MOLLY TEA ฉลองเปิดสาขาใหม่!!!
CENTRAL WESTGATE ชั้น 2

Grand Opening:  17-19 ก.ค. นี้
จัดโปร ซื้อ 1 ฟรี 1 เมนูเดียวกัน
(สำหรับเมนูที่ร่วมรายการเท่านั้น)

Soft Opening : วันนี้-16 ก.ค.
-มีส่วนลด 12% ทั้งร้าน
-รีวิว Google map 5 ดาว รับถุงหอม Molly Tea หรือ สติกเกอร์น้องมอลลี่

กิจกรรม Lucky Draw ""Winning Joy""
วันนี้-8 ส.ค. 69 (30 วัน)
-ลุ้นรางวัลจากตู้กาชาปองทุกๆ 200 บาท/ใบเสร็จ ได้ลุ้นรางวัลใหญ่ Airpods Pro 3 / ลิป YSL / Handcream และรางวัลอีกมากมาย

เพิ่มเพื่อนในบ้านเขียว @mollyteathailand
ใส่โค้ดส่วนลด MOLLYTEA10TH
รับส่วนลด 50% สำหรับแก้วที่ 2
(ใช้ได้ถึง 30 ส.ค. 69)
ที่สาขาเซ็นทรัลเวสเกตเท่านั้น

#mollvtea #mollyteaTH #CentralWestgate #เซ็นทรัลเวสเกต #ตามใจป้า",https://drive.google.com/file/d/1A6fsBWSZkP7aGIRU2Ef3DSOEeqgQOPEf/view?usp=drivesdk,"- 0.32 เพิ่ม Text   ทุกๆ 200 บาท ลุ้นรางวัลจากตู้กาชาปอง 
- 0.34 insert รูป Airpod pro 3
- เติมเพลงคลอๆน่ารัก และสนุก ตลอดคลิป",ตาม comment agency ได้ค่ะ,https://drive.google.com/file/d/1Bj5r0Gn0CnQ2sPTdgvF0kMcJeeQNpskp/view?usp=drivesdk,,approved,,,,"TikTok Video: https://vt.tiktok.com/ZSXUtBbpc/
IG Reels: https://www.instagram.com/reel/Da3Ac6dpvAi/",Gen Code (TikTok): #3v4vmaewnorxAIWZ/ljggLLOsWgowmvfN8wdIPRcxGMdUv+sm9xC0wOlue0BxA8=,"4,520",331,48,32,14,21,132,4,0,0,0,0,
28,Non-selected,marukhom,https://www.tiktok.com/@marukhom,"58,900",TRUE,,,9 ก.ค. 69 - 15:00,,,,,,,,,,,,,,,,,,,,,,,,,
29,Non-selected,mornmellodyz,https://www.tiktok.com/@mornmellodyz,"147,700",TRUE,,,9 ก.ค. 69 - 15:00,,,,,,,,,,,,,,,,,,,,,,,,,
7,Done,graphic.review,https://www.tiktok.com/@graphic.review,"31,700",TRUE,,TRUE,9 ก.ค. 69 - 17:00,"🍵 ชาวนนทบุเรี่ยนเตรียมรับความหอมละมุนได้เลย! MOLLY TEA สาขาใหม่ พร้อมเปิดให้บริการแล้ววันนี้ ที่เซ็นทรัล เวสต์เกต ✨

วันนี้อาโปจะชวนทุกคนมาสัมผัสความหอมละมุนของชาพรีเมียม ใครสายชาอย่าลืมแวะมาเติมความสดชื่น และร่วมสนุกกับกิจกรรมโปรโมชันต้อนรับสาขาใหม่ได้แล้ววันนี้ 🍵

📍 Molly Tea ชั้น 2 Central Westgate

#mollytea #mollyteaTH #CentralWestgate #เซ็นทรัลเวสต์เกต",https://drive.google.com/drive/folders/1ncnL1nvzFAuc1uV0yzyf3n6ERIrq-snu,"- 0.29 แก้ไข Text ""Tongmu Milk Tea""
- 0.51 insert รูป Airpod pro 3 แบบ png
",ตาม comment agency ได้ค่ะ,https://drive.google.com/file/d/18NZLLfkJx_1dnxCXXB3dlcF6FlKN0HVE/view?usp=drivesdk,,approved,,,,"TikTok Video: https://vt.tiktok.com/ZSXDEYasG/
IG Reels: https://www.instagram.com/reel/Da2Zt5XS5O-/",Gen Code (TikTok): #cfzBsMsDKxaU6mEWQVHzUGDOusG1+3SxhKIZ01rOdvXWVTmAlRnObq+1eonyNIA=,"4,708",870,28,0,5,3,1008,207,1,3,0,0,
31,Non-selected,miss.marie39,https://www.tiktok.com/@miss.marie39,"15,800",TRUE,,,9 ก.ค. 69 - 17:00,,,,,,,,,,,,,,,,,,,,,,,,,
32,Non-selected,namorguzzzzz,https://www.tiktok.com/@namorguzzzzz,"11,000",TRUE,,,9 ก.ค. 69 - 15:00,,,,,,,,,,,,,,,,,,,,,,,,,
33,Non-selected,baitong_little_duck,https://www.tiktok.com/@baitong_little_duck,"18,700",TRUE,,,9 ก.ค. 69 - 17:00,,,,,,,,,,,,,,,,,,,,,,,,,
34,Non-selected,live_and_run,https://www.tiktok.com/@live_and_run,"1,174",TRUE,,,9 ก.ค. 69 - 15:00,,,,,,,,,,,,,,,,,,,,,,,,,
35,Non-selected,reanhipp_o,https://www.tiktok.com/@reanhipp_o,"48,700",TRUE,,,9 ก.ค. 69 - 15:00,,,,,,,,,,,,,,,,,,,,,,,,,
36,Non-selected,wachiraphorntawar,https://www.tiktok.com/@wachiraphorntawar,"11,300",TRUE,,,9 ก.ค. 69 - 17:00,,,,,,,,,,,,,,,,,,,,,,,,,
37,Non-selected,smxxe.98,https://www.tiktok.com/@smxxe.98,"22,100",TRUE,,,9 ก.ค. 69 - 15:00,,,,,,,,,,,,,,,,,,,,,,,,,
38,Non-selected,nornanreview,https://www.tiktok.com/@nornanreview,"70,200",TRUE,,,9 ก.ค. 69 - 17:00,,,,,,,,,,,,,,,,,,,,,,,,,
39,Non-selected,hajoon_nw,https://www.tiktok.com/@hajoon_nw,"1,571",TRUE,,,9 ก.ค. 69 - 15:00,,,,,,,,,,,,,,,,,,,,,,,,,
8,Done,flukexway,https://www.tiktok.com/@flukexway,"4,119",TRUE,,TRUE,9 ก.ค. 69 - 17:00,"🎉 ฉลองเปิดสาขาที่ 10! Molly Tea บุก Central Westgate แล้ววันนี้ (ชั้นเดียวกับ MRT เดินทางง่ายมาก) สายชาห้ามพลาดโปรสุดปัง! 🧋✨

  #mollytea #mollyteaTH #CentralWestgate #เซ็นทรัลเวสเกต",https://drive.google.com/file/d/1OfI4BXubNwsscS8GiAJwE88guTFh67nQ/view?usp=sharing,"- 0.33 เพิ่ม text "" ตั้งแต่ 17-19 ก.ค. 69 ""
- 0.50 เพิ่ม text ""ตั้งแต่ 10 ก.ค. - 8 ส.ค. 69 ""
- 0.54 เพิ่ม Voice Over ว่า บ้านเขียว เป็น แค่แอดมอลลี่ทีไทยแลนด์ที่บ้านเขียว
- เติมเพลงคลอๆสนุกๆ ตลอดคลิป
",ตาม comment agency ได้ค่ะ,https://drive.google.com/file/d/1WdySXbJX88eJ9K4q51g9bxugQvH-XxvZ/view?usp=sharing,,approved,,,,"TikTok Video: https://vt.tiktok.com/ZSXUMXfCb/
IG Reels: https://www.instagram.com/reel/Da2lhCoPNjq/",Gen Code (TikTok): #WjBpIGpqktWV5IehsZNI8Z4vRthc+bMA4z1dP5gOtj0zH5MmbYegwasHmCLt17c=,"2,409",462,19,0,1,4,1843,60,3,5,0,0,
41,Non-selected,jeenn555,https://www.tiktok.com/@jeenn555,"22,400",TRUE,,,9 ก.ค. 69 - 16:00,,,,,,,,,,,,,,,,,,,,,,,,,
9,Done,zompreaw.prd,https://www.tiktok.com/@zompreaw.prd,"1,874",TRUE,,TRUE,9 ก.ค. 69 - 15:00,"@Molly Tea Thailand,
สาขาที่ 10 📍เซ็นทรัลเวสต์เกต ชั้น2 

📣 Grand Opening นี้โปรโมชั่นจุกๆ
🧋 ซื้อ 1 แถม 1 (17-19ก.ค นี้)
🧧 Lucky Draw (10ก.ค-8ส.ค)
ทุกยอดซื้อครบ 200 บาท = 1 สิทธิ์ลุ้น
ลุ้นรับ AirPods Pro 3, ลิปสติก YSL,และของรางวัลอื่น ๆ อีกมากมาย

#mollytea #mollyteaTH #CentralWestgate
#เซ็นทรัลเวสเกต",https://drive.google.com/drive/folders/1BKOG_6jUgqnabvPYgHpAIHtm_U586dCw,"- 0.29 แก้ text เพิมปี เป็น 10 ก.ค. - 8 ส.ค. 69
- 0.30 insert รูป Airpod pro 3
- 0.39 แก้ text เป็น  17-19 ก.ค. 69
- 0.41 เพิ่ม text ซื้อ 1 แถม 1 ในเมนูเดียวกัน เฉพาะเมนูที่ร่วมรายการ
- เติมเพลงคลอๆน่ารัก และสนุก ตลอดคลิป
","0.22 ไม่ใช้โปร grand opening นะคะ ให้แก้ไขเป็น >> ตอนนี้มีโปร soft opening รีวิว google maps 5 ดาว รับฟรีถุงหอม 1 ชิ้น 

0.27 LICKY DRAW แก้ไขเป็น LUCKY DRAW ค่ะ

และฝ้ายมีแก้ไขแคปชั่นให้แล้วนะคะ รบกวนใช้ตามที่แก้ไขให้ค่ะส่วนอื่นแก้ไขตาม comment agency ได้เลยค่ะ ",https://drive.google.com/drive/folders/1BKOG_6jUgqnabvPYgHpAIHtm_U586dCw,,เหมือนจะขาดในส่วนของแจกโค้ดส่วนลดให้คนดูค่ะ แต่สามารถใส่ลงใน caption ได้ค่ะ,,,,"TikTok Video: https://vt.tiktok.com/ZSXDbM2VF/
IG Reels: https://www.instagram.com/reel/Da2OBmzTTRo/",Gen Code (TikTok): #lmWUZNn/PZ5vvcj0tqFpPREDg/vKkzWPu7CI+XKSxaLa0pxhRYRvgxq6BnwlyKo=,"14,300",1300,68,3,16,26,851,38,0,2,0,0,
43,Non-selected,pimponyyyy,https://www.tiktok.com/@pimponyyyy,"23,800",TRUE,,,9 ก.ค. 69 - 16:00,,,,,,,,,,,,,,,,,,,,,,,,,
44,Non-selected,mommypangg,https://www.tiktok.com/@mommypangg,"2,714",TRUE,,,9 ก.ค. 69 - 17:00,,,,,,,,,,,,,,,,,,,,,,,,,
45,Non-selected,konraibarn,https://www.tiktok.com/@konraibarn,"4,267",TRUE,,,9 ก.ค. 69 - 17:00,,,,,,,,,,,,,,,,,,,,,,,,,
46,Non-selected,wannaka.diary,https://www.tiktok.com/@wannaka.diary,"31,700",TRUE,,,9 ก.ค. 69 - 17:00,,,,,,,,,,,,,,,,,,,,,,,,,
47,Non-selected,cescsyfahbregas368,https://www.tiktok.com/@cescsyfahbregas368,"3,481",TRUE,,,9 ก.ค. 69 - 15:00,,,,,,,,,,,,,,,,,,,,,,,,,
10,Done,aaeeyyy17,https://www.tiktok.com/@aaeeyyy17,"32,400",TRUE,,TRUE,9 ก.ค. 69 - 17:00,"🍵 Molly Tea สาขาที่ 10 มาแล้ว ✨
พามาเช็กอินสาขาใหม่ที่ Central Westgate พร้อมลองเมนูชามะลิหอม ๆ 🌸

🎉 Grand Opening 17-19 ก.ค. นี้
🥤 โปรพิเศษซื้อ 1 แถม 1

🎁 ร่วมสนุก Lucky Draw ลุ้น AirPods Pro 3, YSL Lipstick, Molly Tea Aroma Sachet และของรางวัลอื่น ๆ อีกเพียบ

💚 เอ๋ยมีโค้ดพิเศษมาฝาก
พิมพ์ MOLLYTEA10TH ที่บ้านเขียวของ Molly Tea
เพื่อรับคูปองแก้วที่ 2 ลด 50%
ใช้ได้ถึง 30 ส.ค. 69
(เฉพาะสาขา Central Westgate)

📍Molly Tea Central Westgate

#mollytea #mollyteaTH #CentralWestgate #เซ็นทรัลเวสต์เกต",https://drive.google.com/drive/folders/1UJpBNAuwcEFoUJFpBJbO4guT7mYzM-39,"- 0.16  เพิ่ม Text ชื่อเมนู ""Snowy Jasmine""
- 0.20 แก้ VO จากที่พูดว่า พับแคน เป็น พีแคน
- 0.25 แก้ VO จากที่พูดว่า ทงหมุ เป็น ถงมู่
- 0.25 เพิ่ม Text ชื่อเมนู ""Tongmu Milk Tea""
- 0.36 แก้ VO จากที่พูดว่า ลัคกี้ดาว เป็น ลัดกี้ดรอว
- 0.45 เพิ่ม text ด้านขวาคำว่า ""บ้านเขียว @mollyteathailand""
- 0.45 แก้ text เติมปี จาก 30 สิงหาคมนี้ เป็น 30 ส.ค. 69
- เติมเพลงคลอๆน่ารัก และสนุก ตลอดคลิป",ตาม comment agency ได้ค่ะ,https://drive.google.com/drive/folders/1UJpBNAuwcEFoUJFpBJbO4guT7mYzM-39,,approved,,,,"TikTok Video: https://vt.tiktok.com/ZSXDoFNtM/
IG Reels: https://www.instagram.com/reel/Da2aSGYTvC0/",Gen Code (TikTok): #1hKRagcmohEoxtUK8D/WlXegulPwfGy8z82DyomktlSCsOsCMUfK5elbxh2Vc+E=,249,170,26,6,2,0,1391,66,8,1,0,0,
49,Non-selected,howenika,https://www.tiktok.com/@howenika,"20,900",TRUE,,,9 ก.ค. 69 - 15:00,,,,,,,,,,,,,,,,,,,,,,,,,
50,Non-selected,dish.is.dietfood,https://www.tiktok.com/@dish.is.dietfood,"38,100",TRUE,,,9 ก.ค. 69 - 16:00,,,,,,,,,,,,,,,,,,,,,,,,,
11,Done,papainhaii,https://www.tiktok.com/@papainhaii,"20,300",TRUE,,TRUE,9 ก.ค. 69 - 17:00,"🧋Molly Tea เปิดสาขาใหม่ที่ Central Westgate แล้ว!

สาขาที่ 10 ของ Molly Tea อยู่ใกล้ทางออก MRT เดินสะดวกมาก
🎉 Grand Opening 17–19 ก.ค. 69
✨ ซื้อ 1 แถม 1 (เมนูเดียวกัน)
🎁 ทุกยอดซื้อครบ 200 บาท ลุ้นกาชาปอง Winning Joy ได้จนถึง 8 ส.ค. 69
รางวัลใหญ่.. .
• AirPods Pro
• ลิปสติก YSL
• Merchandise และของรางวัลน่ารัก ๆ อีกมากมาย

💖 พิเศษสำหรับคนดูคลิปนี้
รับคูปอง แก้วที่ 2 ลด 50%
เพียงเพิ่มเพื่อนที่บ้านเขียว @mollyteathailand
แล้วส่งข้อความ MOLLYTEA10TH
ใช้ได้ถึง 30 ส.ค. 69 และ เฉพาะสาขา Central Westgate เท่านั้น!

#mollytea #mollyteaTH
#CentralWestgate #เซ็นทรัลเวสเกต",https://drive.google.com/file/d/17wqhCapm8fEc50k75ERr5BvA2Qbm6-t8/view?usp=drivesdk,ผ่าน,"0.10 text ภาษาไทย แก้เป็น ""สโนวี่มะลิ""

0.40 ตรง artwork ที่ใช้ AI สร้าง สามารถใช้ได้ค่ะ แต่รบกวนเปลี่ยนพื้นหลังของ artwork ไม่ให้มีชื่อร้านและโลโก้ที่สร้างโดย AI ติดเข้าไปค่ะ 

0.55 ตรง โลโก้ + คำว่า MOLLY TEA รบกวนขอเป็น text ธรรมดาโดยไม่มีโลโก้ลายดอกไม้ข้างหน้า เนื่องจากดูใกล้เคียงกับโลโก้ และรายละเอียดไม่ครบค่ะ",https://drive.google.com/file/d/1a5Ta16XdjD8WQbr_RtkQGfV6d0c_5eKb/view?usp=drivesdk,,"0.18 text ผิด ""ชานมถงมู่"" 

ส่วนอื่นโอเคแล้วค่ะ หากแก้แล้วสามารถลงคลิปได้ค่ะ",,,,"TikTok Video: https://vt.tiktok.com/ZSXUFho8f/
IG Reels: https://www.instagram.com/reel/Da2aeYTzTph/",Gen Code (TikTok): #7GIZ3hKcr7/UAn3URo6aP0+BO8cHKG6wo/oP0DmwtzK+7uYFqyewlZSXzhFBx6U=,"8,011",480,113,8,5,4,786,13,4,0,0,0,
12,Done,jahismmm,https://www.tiktok.com/@jahismmm,"48,100",TRUE,,TRUE,9 ก.ค. 69 - 16:00,"Molly Tea เปิดสาขาที่ 10 แล้ว 🩷
📍Central Westgate
ดูให้จบท้ายคลิปแจกโค้ดลด 50% 🤭🤫

โปรเยอะมากกก ทั้ง Soft Opening ลด 12% ทั้งร้าน
Grand Opening ซื้อ 1 แถม 1 และยังมี Lucky Draw ลุ้น AirPods Pro 3, ลิปสติก YSL และของรางวัลอีกเพียบ
",https://drive.google.com/drive/folders/13Vff2Qzm-N8kFPgR6NxSG1IJx4J34CNY,ผ่าน,approved,,,,,,,"TikTok Video: https://vt.tiktok.com/ZSXBFA2DX/
IG Reels: https://www.instagram.com/reel/Day7Ae-BQJd/",Gen Code (TikTok): #PJokVSPmljJ8zJt29G9BOHEVJq3g0Lowg/DNrpyLh3p+mR7q/w5dJfh9sRCepAs=,"4,866",285,16,0,1,4,1409,46,0,1,0,0,
53,Non-selected,pimiris,https://www.tiktok.com/@pimiris,"18,000",TRUE,,,9 ก.ค. 69 - 15:00,,,,,,,,,,,,,,,,,,,,,,,,,
13,Done,oillonglaew,https://www.tiktok.com/@oillonglaew,"20,700",TRUE,,TRUE,9 ก.ค. 69 - 17:00,"ชาวนนทบุรีมีกรี๊ดดด Molly Tea เปิดสาขาใหม่ สาขาที่ 10 เเล้ว ที่ Central Westgate  ใกล้ประตูทางออก MRT 
#mollytea #mollyteaTH #CentralWestgate #เซ็นทรัลเวสเกต #ของอร่อย",https://drive.google.com/file/d/1LbER9KsKEbmLrpIWPT5GzEF3vZ-GbbGB/view?usp=drivesdk,"- 0..04 แก้ VO จากที่พูดว่า วีสเกต เป็น เวสต์เกต
- 0.08 แก้ text จากคำว่า เดี่ยวกัน เป็น เดียวกัน (ตัดไม้เอกออก)
","0.16/0.51 รบกวนแก้ voice over ""มอลลี่ทรี"" > ""มอลลี่ที"" ค่ะ 

0.41 ให้แจ้งว่า ซื้อเครื่องดื่มเมนูใดก็ได้ 1 แก้ว ถ่ายรูปและรีวิวลง Google Maps และให้ 5 ดาว รับฟรี ถุงหอม (พร้อมแก้ text ด้วยค่ะ)

0.54 voice over แก้ไขจากคำว่า ""แต่ใช้ได้แค่สาขา..."" > ""ใช้ได้เฉพาะสาขา..."" ",https://drive.google.com/file/d/1aMlERSLlm19J6SPadHx6w8YqLj6ZJGXj/view?usp=drivesdk,,approved,,,,"TikTok Video: https://vt.tiktok.com/ZSXU2ASVo/
IG Reels: https://www.instagram.com/reel/Da2iHxtBRs4/",Gen Code (TikTok): #XG0Lt9lC3Y0fkR3QbCPtLqCxijw3Qrb/Kfsk4OwtDfs/EQoLmVHIRBMjikSVVy0=,"10,200",6100,25,0,2,7,178,5,0,0,0,0,
14,Done,minixx_t,https://www.tiktok.com/@minixx_t,"13,600",TRUE,,TRUE,9 ก.ค. 69 - 17:00,แคปชั่น  ☁️💖 Molly Tea Central Westgate เปิดแล้ว!  สาขาที่ 10 มาแบบจัดเต็มทั้งโปร ทั้งกิจกรรม และของรางวัล 🎉  🧋 Grand Opening 17-19 ก.ค. 69 ✨ ซื้อ 1 แถม 1 (เมนูที่ร่วมรายการ)  🎰 Lucky Draw “Winning Joy” ทุก 200 บาท รับสิทธิ์ลุ้นรางวัล 🎧 AirPods Pro 3 💄 ลิปสติก YSL 🎁 และของรางวัลอีกมากมาย  #MollyTeaCentralWestgate #CentralWestgate #GrandOpening #LuckyDraw #WinningJoy #ชานม #รีวิวของกิน #โปรดีบอกต่อ #Westgate #MollyTeaThailand,https://drive.google.com/drive/folders/1d9PHx1ld8RKh_RrCmOkoqtbS8Gf81ymA,"- รบกวนแก้ไข Font ภาษาไทยให้เป็น font ที่ไม่มีหัว 
- 0.44 ตัดคำว่า LINE OA ออกแก้ไขเป็น บ้านเขียว
","0.25-0.28 รบกวนเอาฟุตเทจที่่เป็นกล่องชาออกค่ะ ทางร้านไม่ได้แจกกล่องชาค่ะ เป็นสินค้าตกแต่งรถเข็นเฉยๆค่า รบกวนใช้เป็นฟุตเทจอื่น และแนบภาพ png ใส่เข้าไปแทน 
KOC_Westgate Lucky Draw Rewards PNG รูปค่ะ 

",https://drive.google.com/drive/folders/1d9PHx1ld8RKh_RrCmOkoqtbS8Gf81ymA,,approved,,,,"TikTok Video: https://vt.tiktok.com/ZSXDCtJFk/
IG Reels: https://www.instagram.com/reel/Da2LZlIy0Ak/",Gen Code (TikTok): #MyhLzqmLdHaQuynNHrsNYznzHK4DSISzWXP3PQ0a14V/IlLcXKxF57iPT6cq5KE=,"6,241",2600,285,27,6,17,149,2,0,0,0,0,
15,Done,goeatgoout,https://www.tiktok.com/@goeatgoout,"2,082",TRUE,,TRUE,9 ก.ค. 69 - 17:00,"Molly Tea มาถึง Central Westgate แล้ว 🥰💕
.
ชานมพรีเมียมจากจีน มาถึงชาวนนทบุรีแล้ว กับ Molly Tea สาขาที่ 10 เปิดตัว Grand Opening 17-19 ก.ค.นี้ มาพร้อมโปร 1 แถม 1 และกิจกรรมสุ่มกาชาปอง ลุ้นรางวัลใหญ่มากมาย ✨
.
แนะนำเลยกับเมนู Snowy Jasmine ให้วิปครีมกลิ่นมะลิหอมละมุนลงตัวกับชานมมะลิพรีเมียมแบบสุดๆ กับเมนู Tongmu Milk Tea กลิ่นหอมของดอกไม้พร้อมกับชาดำผสานความหอมของนมได้อย่างลงตัว 👍🏻
.
สาขาที่ 10 นี้ มีที่นั่งด้านหลัง พร้อมคาเรคเตอร์สุดน่ารักให้ได้ถ่ายรูปเพลินๆ อร่อยแล้วยังน่ารักแบบนี้ จะพลาดได้ยังไงล่ะ 😋
.
พิกัด : Molly Tea, ชั้น 2 Central Westgate, จ.นนทบุรี 
⏰: เปิดทุกวัน 10:00-22:00 น.
🗓️: Grand Opening 17-19 ก.ค. 69
🚗: มีที่จอดรถ
.
#mollytea #mollyteaTH #CentralWestgate #เซ็นทรัลเวสเกต #GoEatGoOut
",https://drive.google.com/drive/folders/1BCP_RaQafCfpgPBQg1s1Py5UfkQLE14v,"- ปรับเสียงพูดทั้งคลิปให้ดังขึ้น
- 0.00 แก้ไข Text จาก Cental เป็น Central
- 0.01 ลบ VO ที่พูดว่า จากจีน ออก
- 0.42  เพิ่ม Text ชื่อเมนู ""Snowy Jasmine""
- 0.50 เพิ่ม Text ชื่อเมนู ""Tongmu Milk Tea""
- 0.54 แก้ VO จากที่พูดว่า แอดไลน์ เป็น แอดเพื่อนบ้านเขียว
- 0.55 แก้ไข Text จาก LINE OA เป็น บ้านเขียว
- 0.55 เพิมปี จาก 30 ส.ค. เป็น 30 ส.ค. 69",ตาม comment agency ได้ค่ะ,https://drive.google.com/file/d/1MnsqFLDrDU6yzo6rf9ooQBfYqQeDatYL/view?usp=drivesdk,,approved,,,,"TikTok Video: https://vt.tiktok.com/ZSXUeuTY4/
IG Reels: https://www.instagram.com/reel/Da2Md4epgsf",Gen Code (TikTok): #DlGsKFakPRytkCCy1xWiGyWmlqg8dvfmnetRAdrQc3UqNDQhA68IOOU56sXgXVI=,"5,845",3800,12,0,0,2,133,8,0,1,0,0,
57,Non-selected,ducky.jesse,https://www.tiktok.com/@ducky.jesse,"36,600",TRUE,,FALSE,9 ก.ค. 69 - 15:00,,,,,,,,,,,,,,,,,,,,,,,,,
16,Done,mayyyuan,https://www.tiktok.com/@mayyyuan,"9,651",TRUE,,TRUE,9 ก.ค. 69 - 17:00,"Molly Tea บุกชาวเวสเกตแล้ว รอบนี้มาโปรเยอะมากก มีได้ลุ้นรางวัลใหญ่อีกก🧋💖

#MollyTea #MollyTeaTH #เซ็นทรัลเวสเกต",https://drive.google.com/file/d/16z9f351ywl-7LDIJ_NsAG5V9G55fWjaF/view?usp=drivesdk,"- 0.14 แก้ VO จากที่พูดว่า ถังมู่ เป็น ถงมู่
- 0.23 แก้จาก 16 ก.ค. 67 เป็น 16 ก.ค. 69
- เติมเพลงคลอๆน่ารัก และสนุก ตลอดคลิป
",ตาม comment agency ได้ค่ะ,https://drive.google.com/file/d/123vO21pvNvm1pb3qpuhthDa33fQdW1BI/view?usp=drivesdk,,approved,,,,"TikTok Video: https://vt.tiktok.com/ZSXUL63pc/
IG Reels: https://www.instagram.com/munmuangmay",Gen Code (TikTok): #sSqnlPMCXg7/OEUPetV3GKHVzD7AS7Os4WCs59IlZe+XW17CHNeWv6yDTezu5Gc=,"3,870",481,34,3,5,6,910,25,6,1,0,0,
17,Done,dianadanai05,https://www.tiktok.com/@dianadanai05,"499,200",TRUE,,TRUE,9 ก.ค. 69 - 16:00,มาแล้วร้านชาฮิตของพอสอ จีน บุกมา“เวสเกต”แล้ววว ทุกคน บอกเลยนะว่าสาวกชาต้องเยิ้ฟ🫣🫖🫶🏻⛅️,https://drive.google.com/file/d/1nGPhSTzV0kMieRVY5YXlVjS240QmV_A6/view?usp=drivesdk,"- 0.09 แก้ VO จากที่พูดว่า ถุงชา เป็นถุงหอม
- 0.21 แก้ text เพิ่มปี จาก 17-19 July เป็น 17-19 July 2026
- 0.28  เพิ่ม Text ชื่อเมนู ""Snowy Jasmine""
- 0.45 แก้ Vo จาก เพิ่มเพื่อนในไลน์ OA เป็น เพิ่มเพื่อนบ้านเขียว  (เพื่อหลีกเลี่ยงการถูกปิดกั้น)
- เติมเพลงคลอๆน่ารัก และสนุก ตลอดคลิป","0.11 รบกวนตัดส่วนที่เป็น voice over กล่องชาออกนะคะ ทางร้านไม่ได้แจก แต่เป็นของตกแต่งรถเข็นเฉยๆ ค่า 
",https://drive.google.com/file/d/17ZYNvXJnZSzyTj1QjGfPDLwCgQ_0tZ1A/view?usp=drivesdk,,approved,,,,"TikTok Video: https://vt.tiktok.com/ZSXDK8xdc/
IG Reels: https://www.instagram.com/reel/Da2Qhb4RIG4/",Gen Code (TikTok): #CWtkbo9Dy977QnU0mCn3uVyVrSOlAp77VjuYbB8huNIAGW2ElLBfTl1EiV8o2zk=,"2,837",723,63,1,0,0,1073,37,2,1,0,0,
60,Non-selected,ntc.ntchi,https://www.tiktok.com/@ntc.ntchi,"8,660",TRUE,,FALSE,9 ก.ค. 69 - 16:00,,,,,,,,,,,,,,,,,,,,,,,,,
61,Non-selected,kkmindjourney,https://www.tiktok.com/@kkmindjourney,"3,690",TRUE,,FALSE,9 ก.ค. 69 - 15:00,,,,,,,,,,,,,,,,,,,,,,,,,
62,Non-selected,famsrwpp,https://www.tiktok.com/@famsrwpp,"5,408",TRUE,,FALSE,9 ก.ค. 69 - 17:00,,,,,,,,,,,,,,,,,,,,,,,,,
63,Non-selected,bestktsz,https://www.tiktok.com/@bestktsz,"20,100",TRUE,,FALSE,9 ก.ค. 69 - 17:00,,,,,,,,,,,,,,,,,,,,,,,,,
64,Non-selected,baby.aryn66,https://www.tiktok.com/@baby.aryn66,"6,085",TRUE,,FALSE,9 ก.ค. 69 - 16:00,,,,,,,,,,,,,,,,,,,,,,,,,
65,Non-selected,phanicha_64,https://www.tiktok.com/@phanicha_64,"154,400",TRUE,,FALSE,9 ก.ค. 69 - 15:00,,,,,,,,,,,,,,,,,,,,,,,,,
18,Done,mycookiehouse,http://www.tiktok.com/@mycookiehouse,"23,700",TRUE,,TRUE,9 ก.ค. 69 - 16:00,"รู้ยัง Molly Tea เปิดสาขาที่ 10 ที่ Central Westgate แล้วน้าาา โปรโมชั่นและกิจกรรมเยอะมากกกก 👀✨💗🥰

และใครที่ดูคลิปนี้มีโค้ดพิเศษด้วย 
ซื้อเมนุใดก็ได้ รับส่วนลด 50% สำหรับแก้วที่ 2 
วิธีการ Redeem code: เพิ่มเพื่อนบ้านเขียว @mollyteathailand แล้วส่งข้อความทางแชทว่า MOLLYTEA10TH เพื่อรับคูปอง 
📍ใช้ได้เฉพาะสาขา Central Westgate เท่านั้นน",https://drive.google.com/drive/folders/1E_lQau8WwL5NJugl76ZRVedcXAMuhCxc,"- 0.58 insert รูป Airpod pro 3
- เติมเพลงคลอๆน่ารัก และสนุก ตลอดคลิป
","1.14 fyi ตัวกล่องชาจะไม่มีแจกนะคะ เป็นของตกแต่งรถเข็นเฉยๆค่า


KOC_Westgate Lucky Draw Rewards PNG สำหรับ insert รูปค่ะ",https://drive.google.com/drive/folders/1E_lQau8WwL5NJugl76ZRVedcXAMuhCxc,,approved,,,,"TikTok Video: https://vt.tiktok.com/ZSXUm8K13/
IG Reels: https://www.instagram.com/reel/Da2u71Mp9H8/",Gen Code (TikTok): #fl3nCo6vn6PNv5zrcTB4d1yDwlF2TQRMtXbCoB3O3pJe9J3RveQe31nFbQ7CB4Q=,932,719,13,2,0,15,369,15,0,0,0,0,
67,Non-selected,ellellyyy,https://www.tiktok.com/@ellellyyy,"10,400",TRUE,,FALSE,9 ก.ค. 69 - 17:00,,,,,,,,,,,,,,,,,,,,,,,,,
68,Non-selected,pupa__pp,https://www.tiktok.com/@pupa__pp,"28,800",TRUE,,FALSE,9 ก.ค. 69 - 16:00,,,,,,,,,,,,,,,,,,,,,,,,,
69,Non-selected,aummntww,https://www.tiktok.com/@aummntww,"36,400",TRUE,,FALSE,9 ก.ค. 69 - 17:00,,,,,,,,,,,,,,,,,,,,,,,,,
70,Non-selected,ziribkk,https://www.tiktok.com/@ziribkk,"1,853",TRUE,,FALSE,9 ก.ค. 69 - 15:00,,,,,,,,,,,,,,,,,,,,,,,,,
19,Done,khunchom.__.p,https://www.tiktok.com/@khunchom.__.p,"15,600",TRUE,,TRUE,9 ก.ค. 69 - 15:00,"🩷🌸 Molly Tea เปิดสาขาใหม่ที่ Central Westgate แล้ว~ 🧋✨ อยู่ใกล้ทางเข้า MRT เดินมาสะดวกมาก 💗

🎀 Grand Opening 17–19 ก.ค.
✨ Buy 1 Get 1
🎁 ซื้อครบ 200.- รับสิทธิ์หมุน Winning Joy Lucky Draw ลุ้น AirPods Pro 3, ลิป YSL และของรางวัลอีกมากมาย 💝
💌 Add LINE OA แล้วใช้โค้ด MOLLYTEA10TH รับคูปองแก้วที่ 2 ลด 50% (ถึง 30 ส.ค. เฉพาะสาขา Central Westgate)

#MollyTea #MollyTeaTH #CentralWestgate #เซ็นทรัลเวสต์เกต #GrandOpening",https://drive.google.com/file/d/1XlPcSkjZs6-_wvXIeU7gNRxw6iaSGjvK/view?usp=drivesdk,- 0.25 แก้ Text เพิ่มปี จาก 17-19 JULY เป็น 17-19 JULY 2026,0.35 voice over กับ text ที่แจ้งโค้ดไม่ตรงกันค่ะ อยากให้แจ้งแทนว่าสาวกมอลลี่ทีห้ามพลาด! เพิ่มเพื่อนทางบ้านเขียวและส่งโค้ดไปทางแชท รับคูปองส่วนลดทันที.. ,https://drive.google.com/file/d/1W2F4l4nl67GR8vAd6IL5sgj9EXNmjBdt/view?usp=drivesdk,,approved,,,,"TikTok Video: https://vt.tiktok.com/ZSXDGeexf/
IG Reels: https://www.instagram.com/reel/Da2Re9ySjQq/",Gen Code (TikTok): #DKRWcDxAIKUMj1Bwp5h8/5qhOZNpAgkdTor4snM37vW9olhJwZzwC0D6wJVRdwM=,"2,366",336,21,0,3,13,708,14,0,1,0,0,
72,Non-selected,gimjipingping,https://www.tiktok.com/@gimjipingping,"184,400",TRUE,,FALSE,9 ก.ค. 69 - 15:00,,,,,,,,,,,,,,,,,,,,,,,,,
20,Done,painaideena,https://www.tiktok.com/@painaideena,"19,200",TRUE,,TRUE,9 ก.ค. 69 - 15:00,"Molly Tea เปิดสาขาใหม่ที่ Central Westgate แล้ว! 🩷🥤

ช่วงนี้บอกเลยว่าห้ามพลาด เพราะจัดเต็มทั้งโปรและกิจกรรม!

✨ Grand Opening 17–19 ก.ค.
💗 ซื้อ 1 แถม 1 (เฉพาะเมนูที่ร่วมรายการ)

🎁 แค่ซื้อเครื่องดื่มก็มีสิทธิ์ร่วมกิจกรรมในร้าน ทั้งของแจก Merchandise พิเศษ และร่วมลุ้นของรางวัลสุดพิเศษ
🏆 AirPods Pro 3
💄 ลิปสติก YSL
📅 Lucky Draw วันนี้ - 8 ส.ค.

แล้วเมย์ก็มี คูปองพิเศษ มาฝากด้วย! 💗
ซื้อเครื่องดื่มเมนูใดก็ได้ แก้วที่ 2 ลด 50%
📍ใช้ได้เฉพาะ Molly Tea สาขา Central Westgate
⏰ ถึงวันที่ 30 ส.ค.",https://drive.google.com/drive/folders/1dOsS3OF5qOmvegLO7OL_3S4-FrRCw42F,- เติมเพลงคลอๆน่ารัก และสนุก ตลอดคลิป,ตาม comment agency ได้ค่ะ,,,,,,,"TikTok Video: https://vt.tiktok.com/ZSXBdw4V2/
IG Reels: https://www.instagram.com/reel/DayurcVJ0ui/",Gen Code (TikTok): #ZJfYEyhBRdeliYjZNYtSgnusT4zmXPZI0w2Ohc2KwyhVxhK4WjrEfNh4uMyKOSE=,"5,958",2300,40,14,9,5,275,9,0,0,0,0,
21,Done,wernmermermer,https://www.tiktok.com/@wernmermermer,"12,500",TRUE,,TRUE,9 ก.ค. 69 - 15:00,"ชานมหอมเข้มแบบนี้ ต้องชวนเพื่อนไปหารแล้ว 🧋✨
ก่อนสั่งอย่าลืมแวะรับคูปองที่ 💚 @mollyteathailand
และส่งคำว่า MOLLYTEA10TH เพื่อรับสิทธิ์ แก้วที่ 2 ลด 50% คุ้มกว่าเดิมเลย ✨

#mollytea #mollyteaTH #CentralWestgate #เซ็นทรัลเวสเกต",https://drive.google.com/file/d/1XqXHoC9oz3hgjLd3c2BuoTGnpbFX2iEJ/view?usp=drivesdk,"- 0.11  เพิ่ม Text ชื่อเมนู ""Snowy Jasmine""
- 0.21  เพิ่ม Text ชื่อเมนู ""Matcha Jasmine Salted Cheese""
- 0.33 เพิ่ม Text ข้างล่างเมนู 1 แถม 1 ว่า (เฉพาะเมนูที่ร่วมรายการ)","0.34 เหมือนลืมปิดเสียงตัวฟุตเทจไหมคะ
",https://drive.google.com/file/d/1B2m9PKXNPDOphjox_Kp1HOsXfZf1DUHC/view?usp=drivesdk,,approved,,,,"TikTok Video: https://vt.tiktok.com/ZSXDWFuCt/
IG Reels: https://vt.tiktok.com/ZSXDWFuCt/",Gen Code (TikTok): #QusTP7+d5UCtNcjS0XC4n9DScTRH7G3mirYTpE1q4pTgjq8TshjJTo60rFU3bDY=,441,292,17,2,2,3,-,-,-,-,-,-,
75,Non-selected,mewontiaya,https://www.tiktok.com/@mewontiaya,"3,209",TRUE,,FALSE,9 ก.ค. 69 - 16:00,,,,,,,,,,,,,,,,,,,,,,,,,
22,Done,gerdtrips,https://www.tiktok.com/@gerdtrips,"1,580",TRUE,,TRUE,9 ก.ค. 69 - 15:00,"
Molly Tea สาขาที่ 10 พร้อมเสิร์ฟแล้วที่ Central Westgate มาฉลองเปิดสาขาใหม่ไปด้วยกัน พร้อมเมนูและโปรโมชั่น ของรางวัลเพียบ🌱🌸
📍: Molly Tea Central Westgate (ชั้นเดียวกับ MRT)
⏰: เปิดทุกวัน 10.00 - 22.00 น.
🚗 : MRT สายสีม่วง สถานีตลาดบางใหญ่ ทางออก4 
#เกิดtrips #mollytea #mollyteaTH #CentralWestgate #เซ็นทรัลเวสเกต",https://drive.google.com/drive/folders/1tP4uXH0rdLmBV3y1kpfnujV5aaaevJvj,"- 0.15 แก้ VO จากสโนว เป็น สโนวี่
- 1.15 แก้ไข Text จาก LINE OA เป็น บ้านเขียว (เพื่อหลีกเลี่่ยงการถูกปิดกั้น)
- เติมเพลงคลอๆน่ารัก และสนุก ตลอดคลิป

",ตาม comment agency ได้ค่ะ,https://drive.google.com/drive/folders/1tP4uXH0rdLmBV3y1kpfnujV5aaaevJvj,,approved,,,,"TikTok Video: https://vt.tiktok.com/ZSXDoxmwA/
IG Reels: https://www.instagram.com/reel/Da2YPMqR8J6/",Gen Code (TikTok): #SJV+woRibN7Nmffjj1gvPlqaUqMkzfKHKutN4q5h5gQVNO3mXqTa0YYZkNBWOpw=,834,556,18,0,3,1,483,12,0,3,0,0,
77,cancel,haendibaee,https://www.tiktok.com/@haendibaee,"78,300",TRUE,,FALSE,9 ก.ค. 69 - 17:00,,,,,,,,,,,,,,,,,,,,,,,,,พอดีติดไปต่างจังหวัดช่วงนี้
78,Non-selected,magontae,https://www.tiktok.com/@magontae,"16,600",TRUE,,FALSE,9 ก.ค. 69 - 15:00,,,,,,,,,,,,,,,,,,,,,,,,,
79,Non-selected,bumbimmongtakoo,https://www.tiktok.com/@bumbimmongtakoo,"14,600",TRUE,,FALSE,9 ก.ค. 69 - 16:00,,,,,,,,,,,,,,,,,,,,,,,,,
23,Done,jidaaaa.a,https://www.tiktok.com/@jidaaaa.a,"151,400",TRUE,,TRUE,9 ก.ค. 69 - 15:00,"🎉 Molly Tea เปิดแล้ว! สาขาใหม่ที่ Central Westgate 🧋✨

สายชานมห้ามพลาด! Molly Tea เปิดสาขาที่ 10 อย่างเป็นทางการ ที่ Central Westgate 📍อยู่ใกล้ประตูทางออก MRT แวะง่ายมากกก

ช่วง Grand Opening บอกเลยว่าคุ้มสุด เพราะมีกิจกรรมและโปรโมชั่นจัดเต็ม! 💚

🎁 ไฮไลต์คือ Lucky Draw กาชาสุ่มลุ้นของรางวัล ได้แก่
✨ AirPods Pro 3
💄 ลิปสติก YSL
🎉 และของรางวัลอีกมากมาย

นอกจากนี้ยังมีกิจกรรมสนุก ๆ ภายในร้าน พร้อม Merchandise สุดพิเศษ ให้ร่วมสะสมและลุ้นรับกันอีกด้วย

ใครเป็นแฟน Molly Tea หรือกำลังมองหาร้านชานมอร่อย ๆ ต้องรีบแวะช่วงเปิดสาขาใหม่ รับรองทั้งอร่อย ทั้งได้ร่วมกิจกรรมสุดคุ้ม 💕

📍Molly Tea สาขา Central Westgate (ใกล้ประตูทางออก MRT)
📅 แวะมาร่วมสนุกกับกิจกรรม Grand Opening และลุ้นรับของรางวัลสุดพิเศษได้ที่ร้าน แล้วเจอกันนะ!

#MollyTea #MollyTeaCentralWestgate #CentralWestgate #GrandOpening #LuckyDraw #AirPodsPro3 #YSL #ชานม #เปิดสาขาใหม่",https://drive.google.com/drive/folders/1_Mtkvct-QTttQOt4xgHpU5A_-WGhKzoy,"- 0.14 แก้ไข VO จาก Jasmine Tea เป็น Pistachio Jasmine Coconut 
- รบกวนอ่านบรีฟเรื่องโปรโมชั่นอย่างละเอียด เนื่องจากไม่มีการพูดถึงโปรโมชั่น  1 แถม 1 และระยเวลากิจกรรม รบกวนเพิ่มเติม
","0.16 VO เนื่องจากไม่ใช่เมนูมัทฉะ รบกวนแจ้งว่า ท็อปด้วยซอสพิสตาชิโอ้หอมนุ่มละมุน และปิดท้ายด้วยถั่วพิสตาชิโอ้ 

0.42 ไม่ได้แจก ipad นะคะ รบกวนแก้ VO เป็น airpods ค่ะ 

และแก้ตาม comment agency ค่ะ",https://drive.google.com/drive/folders/1_Mtkvct-QTttQOt4xgHpU5A_-WGhKzoy,"ผ่าน
(เขียนในแคปชั่นว่า ซื้อ 1 แถม 1 ในเมนูเดียวกัน เฉพาะเมนูที่ร่วมรายการ)",approved,,,,"TikTok Video: https://vt.tiktok.com/ZSXqF1hfK/
IG Reels: https://www.instagram.com/reel/DbD4St-PoOd/",Gen Code (TikTok): #vlaLjonn4xzZjUJayIPgAkF4qy9XOKGmmXqA5fgno2GQEipqQEmDWarrVSR+vgQ=,372,316,26,3,4,6,657,22,4,0,0,0,
81,Non-selected,lookped_meawmeaw,https://www.tiktok.com/@lookped_meawmeaw,"22,900",TRUE,,FALSE,9 ก.ค. 69 - 16:00,,,,,,,,,,,,,,,,,,,,,,,,,
24,Done,tyn.isgear,https://www.tiktok.com/@tyn.isgear,526,TRUE,,TRUE,9 ก.ค. 69 - 16:00,"✨ฉลองสาขาใหม่ Molly Tea 
สาขาที่ 10 Central Westgate 
ทั้งโปรส่วนลดและกิจกรรมลุ้นของที่ระลึกมากมาย 
ตั้งแต่วันนี้จนถึงวันที่ 8 สิงหาคม 69 

🎫โค้ดส่วน พิเศษสำหรับคนที่เห็นคลิปนี้ 
ซื้อเมนูใดก็ได้รับส่วนลด 50% สำหรับแก้วที่ 2
*คูปองส่วนลดใช้ได้ถึงวันที่ 30 ส.ค 69* 
เเค่เพิ่มเพื่อนทางบ้านเขียว @mollythailand 
และส่งข้อความในแชทว่า “MOLLYTEA10TH” 

เฉพาะสาขา Central Westgate เท่านั้น
📍ชั้น 2 ใกล้ทางเชื่อม MRT 
#mollytea #mollyteaTH 
#CentralWestgate #เซ็นทรัลเวสเกต",https://drive.google.com/file/d/1g_IjMhgn0hhLUhTl8iHbwxlAKqreg9e0/view?usp=drive_link,- เติมเพลงคลอๆน่ารัก และสนุก ตลอดคลิป,ตาม comment agency ได้ค่ะ,,,,,,,"TikTok Video: https://vt.tiktok.com/ZSXkEs4LL/
IG Reels: https://www.instagram.com/reel/DazNhBch47q/",Gen Code (TikTok): #79uyQaSD9ED0kd/qcKrDEbF8uVDPUE+3LE/ZkZ/nIcYQN+JhNDQnDgLhAgTbgq0=,"1,083",556,41,2,11,11,723,24,0,2,0,0,ขอรีเควสลงช่องทาง IG เพิ่มเติมด้วยได้ไหมคะ
83,Non-selected,euayeve4,https://www.tiktok.com/@euayeve4,"1,587",TRUE,,FALSE,9 ก.ค. 69 - 15:00,,,,,,,,,,,,,,,,,,,,,,,,,
84,Non-selected,nadia_ndi,https://www.tiktok.com/@nadia_ndi,"128,200",TRUE,,FALSE,9 ก.ค. 69 - 15:00,,,,,,,,,,,,,,,,,,,,,,,,,
25,Done,pqngapq,https://www.tiktok.com/@pqngapq,"10,600",TRUE,,TRUE,9 ก.ค. 69 - 16:00,"🎉 Molly Tea ฉลองครบ 10 สาขา เปิดใหม่ที่ Central Westgate ใกล้ประตูทางออก MRT เลย! 🧋💚
17–19 ก.ค. ซื้อ 1 แถม 1 พร้อมลุ้น Lucky Draw จากตู้กาชา Winning Joy รางวัลใหญ่ AirPods Pro 3 และลิปสติก YSL ✨
โปรต่อ ซื้อเมนูใดก็ได้ แก้วที่ 2 ลด 50% ถึง 30 ส.ค. (เฉพาะสาขา Central Westgate)
เพิ่มเพื่อน LINE OA @mollyteathailand แล้วส่งคำว่า MOLLYTEA10TH เพื่อรับคูปอง 🎁
ดูคลิปให้จบ มีคูปองมาแจกท้ายคลิปด้วยนะ! 💚",https://drive.google.com/drive/folders/1bB8-SV1XOhgtmTjKhkSuOo5LFbBQShgP,"- 0.18 - 019 เพิ่มรูป png ของรางวัล รูปภาพของรางวัลดูจากลิงค์นี้ได้เลยนะค้า
https://drive.google.com/drive/folders/1HHC1L4SbH6ycSKjTz984mHFBreypAPzp?usp=sharing
- 0.21 เพิ่ม text ""ตั้งแต่ 10 ก.ค. - 8 ส.ค. 69 ""
- รบกวนอ่านโปรเมชั่นในบรีฟอย่างละเอียด ขากการเล่าโปรโมชั่น 1 แถม 1
- ซื้อลด 50% สำหรับแก้วที่ 2 เป็นโปรที่แจกโค้ดลับสำหรับ KOL",รู้สึกว่าฟุตเทจตัดไปมา ไม่ค่อยตรงตามที่กำลัง voice over เท่าไหร่ค่ะ รบกวนลองเรียงฟุตและเพิ่ม text ประกอบให้คลิปดูน่าสนใจยิ่งขึ้นค่ะ ,https://drive.google.com/file/d/1imBPwmaLGjS8NeeTYMqA-igeOOyGF4GK/view?usp=drivesdk,ผ่าน,approved,,,,"TikTok Video: https://vt.tiktok.com/ZSXQWpaPo/
IG Reels: https://www.instagram.com/reel/DbAgIKpJHng/",Gen Code (TikTok): #CiPE0ybkrJrPUwaePBS/vRFWwSay2dGFj3xkO7Fv1uJhwlUrpJE+SduAfb6kt+w=,222,199,18,0,0,1,799,34,0,1,0,0,
86,Non-selected,titanoonn,https://www.tiktok.com/@titanoonn,"24,500",TRUE,,FALSE,9 ก.ค. 69 - 16:00,,,,,,,,,,,,,,,,,,,,,,,,,
26,Done,helloborfor11,https://www.tiktok.com/@helloborfor11,"2,287",TRUE,,TRUE,9 ก.ค. 69 - 15:00,"ใครมาเดิน Central Westgate แวะมา Molly Tea สาขาใหม่กัน! ช่วงนี้มีโปร Grand Opening อยู่นะ แถมเฟินมีโค้ดส่วนลดแก้วที่สองมาแจกด้วย ท้ายคลิป ! 🤫 #mollytea #mollyteaTH 
#CentralWestgate #เซ็นทรัลเวสเกต",https://drive.google.com/drive/folders/1Qz9rZYn4SHAVHXSJ8ez7gpxci9cmFGeb,"- 0.57 - 0.57 เพิ่ม text "" ตั้งแต่ 17-19 ก.ค. 69 ""
- 1.00 - 1.01 เพิ่ม text "" 1แถม1
                                     ในเมนูเดียวกัน 
                                     (เฉพาะเมนูที่ร่วมรายการ) ""
- 1.09 แก้ไข VO จาก LINE OA เป็น บ้านเขียว (เพื่อหลีกเลี่ยงการถูกปิดกั้น)
- 1.09 แก้ไข Text จาก LINE OA เป็นบ้านเขียว (เพื่อหลีกเลี่ยงการถูกปิดกั้น)
",ตาม comment agency ได้ค่ะ,https://drive.google.com/drive/folders/1Qz9rZYn4SHAVHXSJ8ez7gpxci9cmFGeb,,0.30 ตัว pistachio ไม่ใช่เมนูใหม่ค่ะ รบกวนแก้ไข VO โดยตัดที่แจ้งว่าเป็นเมนูใหม่ออกค่ะ,https://drive.google.com/drive/folders/1Qz9rZYn4SHAVHXSJ8ez7gpxci9cmFGeb,ผ่าน,approved,"TikTok Video: https://vt.tiktok.com/ZSXfyaDpA/
IG Reels: https://www.instagram.com/reel/Da4cb3rTNyG/",Gen Code (TikTok): #Bu3WD3LjbtdaHH74XJNaSNy3C1abIypmkyqHHjEAzmM4c3xUy7iGVnRDiQVqmnI=,791,593,18,1,1,1,1569,88,0,2,0,0,
27,Done,doublefimph,https://www.tiktok.com/@doublefimph,"1,330",TRUE,,TRUE,9 ก.ค. 69 - 15:00,"📍 Molly Tea เปิดสาขาใหม่แล้วที่ Central Westgate 🎉 ร้านใหม่สาขาที่ 10 อยู่ใกล้ MRT เดินทางง่าย แถมช่วง Grand Opening ยังมีกิจกรรมเพียบ!

🥤 Snowy Jasmine หอมมะลิละมุน วิปครีมนุ่ม
🍵 pistachio Jasmine Coconut เข้มข้น หอมชา ชีสนัวกำลังดี

🎁 มีกิจการ ลุ้น Lucky Draw
✨ AirPods Pro 3
✨ ลิป YSL
✨ ของรางวัลและ Merchandise อีกมากมาย

💖 โปรพิเศษ Grand Opening
ซื้อ 1 แถม 1 (ตามเงื่อนไขร้าน)

🎫 รับคูปองลด 50% แก้วที่ 2
แอด LINE OA @mollyteathailand แล้วส่งโค้ด
MOLLYTEA10TH

📍 Molly Tea Central Westgate

#MollyTea #MollyTeaThailand #CentralWestgate #GrandOpening #ร้านเปิดใหม่  #รีวิวของกิน #ป้ายยากับTikTok #อร่อยบอกต่อ #fyp",https://drive.google.com/drive/folders/1jvChQCqnHLYrH8ISqhFUA8Es5uKJUgGw,"- 0.01 เปลี่ยนจาก ดาว เป็น ตัว A ตรงคำว่า TEA
- ขาดการพูดว่า Molly Tea เปิดสาขาที่ 10
",ตาม comment agency ได้ค่ะ,https://drive.google.com/file/d/1VQxuRoRzn5Mh4x6eJ3Gfgw59-yZ1iVPs/view?usp=drivesdk,,"ยังไม่ได้แก้ไขตาม comment agency ข้อแรกนะคะ

หากแก้ไขคลิปแล้ว สามารถลงได้เลยค่ะ",https://drive.google.com/file/d/1vqNoDSqh4gbcdf-FkH9v3yPyV5rL1Zu2/view?usp=drivesdk,ผ่าน,ผ่าน,"TikTok Video: https://vt.tiktok.com/ZSXfu8CWu/
IG Reels: https://www.instagram.com/reel/Da4T1AOJNIZ/",Gen Code (TikTok): #ZA0NhWBDAyA7cEAQxP09eaaGfu38Arm3SIeLblGUXCn5wb4MJ9FczavkRP7jRzk=,742,694,33,0,4,17,1066,35,2,3,0,0,
89,Non-selected,gatjanggg,https://www.tiktok.com/@gatjanggg,"2,334",TRUE,,FALSE,9 ก.ค. 69 - 16:00,,,,,,,,,,,,,,,,,,,,,,,,,
90,cancel,lallapamm,https://www.tiktok.com/@lallapamm,"22,200",FALSE,,FALSE,รอตอบกลับ,,,,,,,,,,,,,,,,,,,,,,,,,
91,Non-selected,tiewpaisuaypaii.sine,https://www.tiktok.com/@tiewpaisuaypaii.sine,"112,400",TRUE,,FALSE,9 ก.ค. 69 - 15:00,,,,,,,,,,,,,,,,,,,,,,,,,
92,Non-selected,pallyproud,https://www.tiktok.com/@pallyproud,"66,000",TRUE,,FALSE,9 ก.ค. 69 - 17:00,,,,,,,,,,,,,,,,,,,,,,,,,
28,Done,giftster___,https://www.tiktok.com/@giftster___,"6,809",TRUE,,TRUE,9 ก.ค. 69 - 15:00,"Molly tea มาเปิดที่เซ็นทรัลเวสเกตแล้ว ✨
สาวกชามะลิพรีเมียมไม่ควรพลาด

สาขาที่ 10
📍เซ็นทรัลเวสเกต ชั้น 2",https://drive.google.com/drive/folders/1koLkRI0WMmFTuJ60VzkdsSyQeGfYYKJM,"- 0.13 แก้ไข Text เป็น Pistachio Jasmine Coconut
พิสตาชิโอชามะลิมะพร้าว
- 0.13 แก้ไข VO ที่พูดว่า โคโค่ เป็น โคโค่นัท
- 0.24 เพิ่ม Text ใต้คำว่า 1 แถม 1 ว่า ""เฉพาะเมนูที่ร่วมรายการ""
- เติมเพลงคลอๆน่ารัก และสนุก ตลอดคลิป
","0.21 แก้ไข VO ""แจกถุงหอม หรือ สติกเกอร์มอลลี่ที"" ",https://drive.google.com/drive/folders/1koLkRI0WMmFTuJ60VzkdsSyQeGfYYKJM,,"0.45 แก้ไข text คำว่า ""ทาง"" ",https://drive.google.com/drive/folders/1koLkRI0WMmFTuJ60VzkdsSyQeGfYYKJM,ผ่าน,approved,"TikTok Video: https://vt.tiktok.com/ZSXfnhwvG/
IG Reels: https://www.instagram.com/reel/Da4cj_CRjdT/",Gen Code (TikTok): #+BZagPNcgtwmTj9jamtgGjNAmmeBk5yKw4h3cCfSZkklV9oy5CsEobSHMpDAQZA=,257,163,14,0,0,0,1700,46,1,0,0,0,
94,Non-selected,napawanj,https://www.tiktok.com/@napawanj,"141,000",TRUE,,FALSE,9 ก.ค. 69 - 17:00,,,,,,,,,,,,,,,,,,,,,,,,,
95,,gortorrr,https://www.tiktok.com/@gortorrr,"5,132",TRUE,,FALSE,9 ก.ค. 69 - 15:00,,,,,,,,,,,,,,,,,,,,,,,,,
96,,tyzalmp,https://www.tiktok.com/@tyzalmp,"12,100",TRUE,,FALSE,9 ก.ค. 69 - 15:00,,,,,,,,,,,,,,,,,,,,,,,,,
29,Done,newthanthita,https://www.tiktok.com/@newthanthita,"1,604",TRUE,,TRUE,9 ก.ค. 69 - 15:00,,https://drive.google.com/drive/folders/1l5UPFA0kD-Ekmj8yJ2YaQ1FeEeOxcVLF,"- 0.15 เพิ่ม Text ข้างใต้คำว่า 1 แถม 1 ว่า (ในเมนูเดียวกัน เฉพาะเมนูที่ร่วมรายการ)
- 0.28 เพิ่ม VO ว่ารางวัลใหญ่มีอะไรบ้าง ได้แก่  Airpod pro 3 ลิปสติก และของรางวัลน่ารักๆ อีกมากมาย  และเพิ่ม Text 
- เติมเพลงคลอๆน่ารัก และสนุก ตลอดคลิป
",ตาม comment agency ได้ค่ะ,https://drive.google.com/drive/folders/1l5UPFA0kD-Ekmj8yJ2YaQ1FeEeOxcVLF,,approved,,,,"TikTok Video: https://vt.tiktok.com/ZSXUFSHYX/
IG Reels: https://vt.tiktok.com/ZSXUFSHYX/",Gen Code (TikTok): #4RhsW2F9u3908CKKdJKsHd+JIgR5XG6UFAYUpMsvB9yiGULXHmbo3gYS5hnu8Ys=,752,439,33,4,9,8,-,-,-,-,-,-,