Status,Project,,,,,,,,,,,,,,Campaign Summary,,,,,,,,,,,,
In Process,Yonny (Platinum POP 07/26),,,,,,,,,,,,,,Followers,"10,778",Reach,"1,111,600",Engagement,"7,456",,,,,,,
,,,,,,,,,,,,,,,Cost,"15,000",Cost/Reach,0.01,Cost/Engagement,2.01,,,,,,,
,,,,,,,,,,*** Yonny กรอก ***,,,*** Yonny กรอก ***,,Total,"1,111,600","5,881",84,446,"1,045",,,,,,,
Column 1,Column 2,Column 3,Column 4,Column 5,Column 6,Column 7,Column 8,Column 9,Column 10,Column 11,Column 12,Column 13,Column 14,Column 15,Column 16,Tiktok - View,Tiktok - Like,Tiktok - Comment,Tiktok - Save,Tiktok - Share,Reels - View,Reels - Like,Reels - Comment,Reels - Share,Reels - Repost,Reels - Save,Note
1,Done,gindaieek,https://www.tiktok.com/@gindaieek,1.1M,TRUE,18/7/26,"ร้านปลาต้มผักกาดดอง มีข้าวให้ตักฟรีเติมได้ไม่อั้น
อร่อยมากกกกก อยากกินทุกวันตอนนี้ 🥹👏🏻
มีบาร์หม่าล่าทั่งยาวกว่า 6 เมตรอีกโคตรจะเริ่ด

📍:: ร้าน YONNY สาขา Platinum Pop ชั้นG (อยู่ตรงข้ามเซ็นทรัลเวิลด์) 

#YONNY #YonnyPlatinumPop #ต้มปลาผักกาดดอง #หม่าล่าทั่ง #ร้านอาหาร 
",https://drive.google.com/drive/folders/1P4b_LL2Ben8j7PhYiOVba1dOwUu_rPAi,,,,,,TikTok Video: https://www.tiktok.com/@gindaieek/video/7664973077985496340?is_from_webapp=1&sender_device=pc&web_id=7623704387911697927,Gen Code (TikTok): #DhCiDUhVqlMiUKRF8IwPi2UQotqfkWbQyaLtaCr6MerWBKkb+kd+1LOjdnaifEM=,"255,900","3,835",41,323,890,-,-,-,-,-,-,
2,Done,flukexway,https://www.tiktok.com/@flukexway,"4,119",TRUE,16/7/26,"ซี้ดดดด! เดือดสุดในย่านนี้ 🌶️🐟 YONNY สาขาใหม่ PLATINUM POP ตู้แช่ยาว 6 เมตรหยิบเพลินมาก ทีเด็ดปลาต้มผักกาดดองซดน้ำคล่องคอ ข้าวฟรีไม่อั้น โปรฉลองเปิดร้านเพียบ แวะไปด่วนน! 🥢✨
#YonnyPlatinumPop #รีวิวของกิน #อร่อยไปกิน #หม่าล่าทั่ง #ปักหมุดร้านอร่อย",https://drive.google.com/file/d/1_7V4kVfI7Kb6_jn-xSpnRMKQT5NNLshH/view?usp=sharing,"0.00/0.18 ถ้าจะรบกวนขอเติมซาวน์เสียงน้ำมันร้อนๆราดลงไปในชามได้มั้ยนะค้า ไม่แน่ใจคลิปต้นฉบับได้ยินเสียงมั้ย
0.15 - 0.16 เหมือนคลิป กุ้ง หอย ปลา จะมาดีเลย์จากเสียงที่พากย์ รบกวนตัดให้ตรงกันนิดนึงเพื่อเพิ่มความน่าสนใจนะค้า
0.54 รบกวนขอแก้ VO และ Text จาก 50 ท่านแรกเป็น 50โต๊ะแรก",,https://drive.google.com/file/d/1rZ3QGbALYP7eNfbjCgS9yB3ehVV7ZCvm/view?usp=sharing,ผ่าน,,"IG Reels: https://www.instagram.com/reel/DbDbFnmuVAp/ 
TikTok Video: https://vt.tiktok.com/ZSXVHPNcd/ 
Facebook Post: https://www.facebook.com/share/r/1CpgAcrFBp/",Gen Code (TikTok): #PzoxyhoUJMnB8riImOTvurTK6s4jbenbeOsFlMB44E4HAD8uNItoEDB9LWzdlDs=,"55,700",91,2,11,17,"1,408",29,3,0,1,0,
3,Done,chobell,https://www.tiktok.com/@chobell,63K,TRUE,16/7/26,"✨ ร้านปลาต้มผักที่ยกให้เป็นอันดับ 1 ในใจ ตอนนี้มาเปิดที่ PLATINUM POP แล้ว! 😍

ไฮไลต์คือ ตู้แช่วัตถุดิบสดยาว 6 เมตร เลือกเองได้แบบจุใจ 🦐🦪🐟 ซีฟู้ดสดมาก บริการก็ดี มีพนักงานช่วยแกะกุ้งให้ด้วย กินสะดวกสุดๆ 🍤 แถมยังมี ข้าวธัญพืชฟรี อิ่มแบบฟินกว่าเดิม

ช่วง Grand Opening โปรแรงมาก!
🎉 18–24 ก.ค. 2569 50 ท่านแรก รับฟรีปลาต้มผักกาดดอง 1 ชามยักษ์
🎉 25–31 ก.ค. 2569 มาก่อน 14.00 น. รับคูปองลด 50% เมนูหมาล่า ใช้ครั้งถัดไป
🎉 18–31 ก.ค. 2569 รีวิว Google Maps 5⭐️ + แอด LINE OA รับฟรีเครื่องดื่ม 1 แก้ว

📍YONNY สาขา PLATINUM POP (ตรงข้ามเซ็นทรัลเวสต์วิลล์)

#YONNY #YONNYPlatinumPop #PlatinumPOP #ปลาต้มผัก #ร้านอร่อยบอกต่อ #Seafood #GrandOpening #รีวิวร้านอร่อย #ของอร่อยกรุงเทพ",https://drive.google.com/drive/folders/1DfyZ_jSyiKYfmzrhBbF3d56iKo3wRul6,"- 0.04 - 0.06 ทิ้งคลิปเดิมนานเกิน พอจะมีคลิปอื่นมาเพิ่มในช่วงนี้อีก 1 คลิปมั้ยนะค้า อาจจะเอาคลิปช่วงท้ายคลิปที่มีหน้าอินฟลูฯมาใส่เพื่อเพิ่มความน่าสนใจได้เลยนะค้า
- 0.15 - 0.18 ทิ้งคลิปเดิมยาวเกิน พอจะปรับซูมระดับกลางๆ หรือหาคลิปอื่นที่เกี่ยวกับตู้แช่มาเพิ่มในช่วงนี้ได้มั้ยค้าบ
- 0.21 ที่พูด กุ้ง หอย ปลา พอจะมีคลิปตอนหยิบกุ้ง หอย ปลามั้ยนะค้า
- 0.50 พอจะมีคลิปปลาต้มผักกาดดองมั้ยนะค้า จะได้เป็นเรื่องเดียวกับที่กำลังพูดอยู่ ว่าฟรี ปลาต้มผักกาดดอง
- 0.52 แก้ไข Text จาก เมนูหมาล่า เป็น เมนูหม่าล่าทั่ง
- 0.57 แก้ไข VO ที่พูดว่า เมนูหม่าล่าให้พูดให้ครบว่า เมนูหม่าล่าทั่ง
- 1.00 ตัดการพูดโปรนี้ 18/7 - 31/7/2569ออกเพื่อลดการปิดกั้นคลิปเนื่องจากมีการพูดถึง LINE OA
",,https://drive.google.com/drive/folders/1DfyZ_jSyiKYfmzrhBbF3d56iKo3wRul6,ผ่าน,,"IG Reels: https://www.instagram.com/reel/Da7Sg7kAfWG/ 
TikTok Video: https://vt.tiktok.com/ZSXawnF6A/ 
Facebook Post: https://m.facebook.com/story.php",Gen Code (TikTok): #JU9FaIAKmoWPdTCdWolFxSYPGwZ6M1qQNqtOimaYE9Rw1KPsdpcsnrVXTi0iLiY=,"169,900","1,156",4,29,17,"1,469",35,0,0,1,0,
4,Done,earn.yakreview,https://www.tiktok.com/@earn.yakreview,68.9K,TRUE,16/7/26,"ร้านดังจากจีนมาแล้ว! 🇨🇳✨ ปลาต้มผักกาดดองหม้อใหญ่ ชามะนาวโฮมเมดแก้วบึ้ม หม่าล่าชั่งขีดคือห้ามพลาด 🥢 ตอนนี้มีโปร Grand Opening ลด 20% รีบไปลองกัน!

#PlatinumPop #ปลาต้มผักกาดดอง #หม่าล่าชั่งขีด #อาหารจีน #รีวิวของอร่อย",https://drive.google.com/drive/folders/1aAJNK0dlGpXzJIj1RQWY-wldTHZlrsyj," 0.01 - 0.03 ใช้คลิปเดิมยาวเกินไป พอมีคลิปอื่นมาแทรกได้มั้ยนะค้า 
- 0.07 แก้ VO พูดใหม่เป็น ต้มปลาผักกาดดอง
- 0.11 มีคลิปอื่นที่ปลาใหญ่ๆ เยอะๆกว่านี้มั้ยนะค้า
- 0.14 ขอเอาคลิปตอนซดน้ำซุปให้คลิปกับเสยงพากย์เป็นทิศทางเดียวกัน
- 0.58 พูดใหม่เป็น กุ้งก็ยังไม่ต้องแกะเอง เพราะขอให้ทางร้านช่วยแกะให้ได้ สาขานี้บริการดีจริง
-  1.20 ตัดที่พูดว่า 2 ใบแดงมีทอนออก 
- ขาดการพูดตามบรีฟ ดังนี้
*รบกวนอ่านบรีฟอย่างละเอียด*
1. บริการดี ใส่ใจ ขอให้แกะกุ้งให้ก็ได้ กินสะดวก
2. ข้าวธัญพืชคือดีมาก มีถั่วด้วย เริ่ดกว่าร้านอื่นมาก
3. Grand Opening โปรโมชั่นจัดเต็มมาก บอกโปรโมชั่น
18–24/7/2026  50 ท่านแรกรับฟรีปลาต้มผักกาดดอง 1 ชามยักษ์
25-31/7/2026 มากินก่อน 14.00 น. ได้รับคูปองลด 50% เฉพาะเมนูหม่าล่าทั่งสำหรับใช้ในครั้งถัดไป",,https://drive.google.com/drive/folders/1aAJNK0dlGpXzJIj1RQWY-wldTHZlrsyj,ผ่าน,,"IG Reels: https://www.instagram.com/reel/DbDhEOvJhX6/ 
TikTok Video: https://vt.tiktok.com/ZSXVVnoUT/ 
Facebook Post: https://www.facebook.com/share/r/1DzVdk6Nty/",Gen Code (TikTok): #oV7qW/GaBJieEvHsBfcXikh5xKCKmdBJcWidzF2DedEe14ZXdV+3NrrkOJijWHE=,"61,700",196,2,11,17,"2,077",17,0,0,1,0,
5,Done,fonnonale,https://www.tiktok.com/@fonnonale,17.4K,TRUE,16/7/26,50 โต๊ะแรก รับฟรีปลาต้มผักกาดดอง 1 เซตยักษ์! 🤩 YONNY ร้านปลาต้มผักกาดดองอันดับ 1 จากจีน เปิดสาขาใหม่ที่ Platinum Pop แล้ว!,https://drive.google.com/file/d/1mtb6qydK3yQT9DuZDmP1QoNsozbM0Nfo/view?usp=drivesdk,0.30 ตัดเรื่องชาอู่หลงฟรีออก,,,,,"IG Reels: https://www.instagram.com/reel/DbAA8M8gBTR/
TikTok Video: https://vt.tiktok.com/ZSXQjH4dd/
Facebook Post: https://www.facebook.com/share/r/1EGzhEFi3o/",Gen Code (TikTok): #ldvETvOyCzNr99CRNXw+e6NetCY9Qr0lw4pYrojT+CVeltUV3oDAVpSB5HED9mA=,"38,200",38,2,4,6,880,0,5,0,1,0,
6,,khunchom.__.p,https://www.tiktok.com/@khunchom.__.p,15.6K,,16/7/26,,,,,,,,,,,,,,,,,,,,,
7,Done,boobaiiyook,https://www.tiktok.com/@boobaiiyook,21.4K,TRUE,16/7/26,Yonny Grand Opening ที่ Platinum POP! เสิร์ฟความอร่อยมาถึงที่เลยต้องจัดกันด่วน #YONNY #YONNYPlatinumPop #หม่าล่าทั่ง #ปลาต้มผักกาดดอง,https://drive.google.com/drive/folders/1IFhJ4pP-LLMie05_YWkDgmigLzMfzYb6,"- 0.55 ขอแก้ Text + เสียงพากย์ เอา 50 ลงมาบรรทัดล่าง และแก้จาก 50 ท่านแรกเป็น 50 โต๊ะแรก",,,,,"IG Reels: https://www.instagram.com/reel/DbA2cx4v2u4/
TikTok Video: https://vt.tiktok.com/ZSXCP2G7w/
Facebook Post: https://fb.watch/ItP02IzZoO/",Gen Code (TikTok): #ym/nUI39cYHGE7O0khavPtNBTBzlJBgwgb735N5NMnXxgaGLJ/v9FycKsjmHjgk=,"74,300",104,25,20,21,"2,196",0,5,0,1,0,
8,Done,aumkkkkk,https://www.tiktok.com/@aumkkkkk,5463,TRUE,16/7/26,ปลาต้มผักกาดดองที่อร่อยที่สุด! ,https://drive.google.com/file/d/1YlS_CKm7XlOGJ8KBFir_EHhB9FmN34Da/view?usp=drivesdk,"- ขอเพิ่ม Text ภาษาจีน และภาษาไทย แบบที่อินฟลูฯทำคลิปแล้วแมสนิดนึงได้มั้ยนะค้า
- 0.08 แก้ VO จากตู้หม่าล่า เป็น ตู้หม่าล่าทั่ง
- 0.09 ขอคลิปแนวตั้ง
- 0.10 ขอแก้ VO จากจัดเต็ม เป็น ซีฟู้ดสดมาก
- 0.16 เพิ่ม Text ข้าวฟรี เติมได้ไม่อั้น
-0.24/0.27 เพิ่ม Text เขียนอธิบายโปรโมชั่น
- 0.32 - 0.35 ตัดช่วงที่พูดถึงโปรรีวิว google map 5 ดาวออกเนื่องจากมีการพูดถึง LINE OA กลัวจะถูกลดการมองเห็นของคลิป
- ขาดการพูดเรื่อง 
1.  บริการดี ใส่ใจ ขอให้แกะกุ้งให้ก็ได้กินสะดวก 
2. ข้าวธัญพืชคือดีมาก มีถั่วด้วย เริ่ดกว่าร้านอื่นมาก",,https://drive.google.com/file/d/1tI7w-1FMlkGZgYn3isrj5toYgqd6HlWc/view?usp=drivesdk,"- 0.24 - 0.25 ตัด Text โปร 18-31/7/69 ออก
- 0.26 ขอแก้ text จาก 50 ท่านแรก เป็น 50 โต๊ะแรก และ แก้ text จากจากไซซ์ เป็น ไซส์
",,"IG Reels: https://www.instagram.com/reel/Da-aUmvvI_Y/
TikTok Video: https://vt.tiktok.com/ZSX9CXWgW/
Facebook Post: https://www.facebook.com/share/r/1ETkg57829/",Gen Code (TikTok): #IZwEUcKwEXrRVocLB1qm8/3GuH0v3j+gFGHn8yTURnYVY9C4mumLvuwG8Rdr76s=,"139,800",160,0,11,16,488,43,9,0,0,0,
9,Done,nn.nenne,https://www.tiktok.com/@nn.nenne,33.5,TRUE,16/7/26,YONNY  ร้านปลาต้มผักกาดดองอันดับหนึ่งจากจีน 🇨🇳 บุก PLATINUM POP แล้วจ้า! 🤩 ซีฟู้ดตักเองสดๆ เต็มตู้แช่ยาว 6 เมตร ✨ พร้อมโปรแรงฉลองเปิดร้าน!,https://drive.google.com/drive/folders/1Ew7UF28mjSwldRQY2kuk0e9my2Ex6JAw,"- 0.05 ขอเริ่มเรื่องที่พูดว่า สาขานี้ไม่เหมือนสาขาอื่น เลยได้มั้ยนะค้า
- 0.42 แก้ Text โดยเติมปี เป็น 18-24 กรกฎาคม 2569
- 0.42 แก้ VO ที่พูดว่า วันที่ 23 เปลี่ยนเป็นวันที่ 24
- 0.47 รบกวนเติมปีเพิ่มเติม 2569 นิดนึงนะค้า
- รบกวนฝากเช็คเสียงนิดนึงนะค้า ตั้งแต่ 0.07 เหมือนเสียงมันจะซ่า ๆ

แต่ภาพรวมโอเคเลยค่า ",,,,,"IG Reels: https://www.instagram.com/reel/Da-bfrcggLx/
TikTok Video: https://vt.tiktok.com/ZSX9CrvER/
Facebook Post: https://www.facebook.com/share/r/18zxE2jkuz/",Gen Code (TikTok): #gKJNcJvqVzPKTB+HnWKefF3ZY8XCAxGjDdo5+UycVwG74yzkxNvDmwKgVtT1md4=,"158,400",148,2,21,29,770,26,3,0,1,0,
10,Done,mossinmood,https://www.tiktok.com/@mossinmood,89.9K,TRUE,16/7/26,เปิดแล้ว! YONNY สาขาใหม่ที่ Platinum Pop 🦐🐟 ตู้ซีฟู้ดยาว 6 เมตร เลือกวัตถุดิบสด ๆ ได้เอง เมนูปลาต้มผักกาดดองคือห้ามพลาด น้ำซุปกลมกล่อม ปลาชิ้นใหญ่ ซีฟู้ดสดทุกจาน แถมช่วง Grand Opening ยังมีโปรแรงอีก รีบชวนแก๊งมากินก่อนหมดโปร! 🤤,https://drive.google.com/drive/folders/1ED_fM4bbOq1mgIQRiu8fJPgfp1AQu79h,"- 0.14 - 0.15 ตอนพูดว่า กุ้ง หอย ปลา ปลาหมึก พอจะมีคลิปที่เป็น กุ้ง หอย ปลา ปลาหมึกมาใส่ตามคำพูดได้มั้ยนะค้า
- 0.20 ที่พูดว่ากุ้ง รบกวนขอเป็นคลิปที่มีกุ้ง จะได้สอดคล้องกับที่พูด
- *รบกวนอ่านบรีฟอย่างละเอียด* ขาดการเล่าเรื่อง
1. ข้าวตักฟรีไม่อั้น 
2. ข้าวธัญพืชคือดีมาก มีถั่วด้วย เริ่ดกว่าร้านอื่นมาก
3.บอกโปรโมชั่น
18–24/7/2026  50 โต๊ะแรกรับฟรีปลาต้มผักกาดดอง 1 ชามยักษ์
25-31/7/2026 มากินก่อน 14.00 น. ได้รับคูปองลด 50% เฉพาะเมนูหม่าล่าทั่งสำหรับใช้ในครั้งถัดไป",,,,,"IG Reels: https://www.instagram.com/reel/DbGgeqApZgP/
TikTok Video: https://vt.tiktok.com/ZSXWnd23L/
Facebook Post: https://www.facebook.com/share/r/1DCBh1zEVx/",Gen Code (TikTok): #2jwHXwCBmRA+9JTmoyo6VLeLzOX7ZesyakjQgzd0JbKLz1NSuuZAUXFFY4uOiCs=,"11,700",13,1,1,0,"1,230",0,3,0,0,0,
11,Done,tiewpaisuaypaii.sine,https://www.tiktok.com/@tiewpaisuaypaii.sine,112.5K,TRUE,16/7/26,"กินหม่าล่ากับซีฟู้ดตักเองได้แบบจุกๆ! 🦐🐟 บุก YONNY สาขาใหม่ล่าสุดที่ PLATINUM POP (ตรงข้ามเซ็นทรัลเวิลด์) ไฮไลท์เด็ดคือตู้แช่วัตถุดิบยาวอลังการถึง 6 เมตร ของสดมากกก! มีบริการแกะกุ้งให้ด้วย เลิศสุดๆ แถมข้าวตักฟรีไม่อั้นไปอีก!
🎉 ฉลองเปิดร้านใหม่ แจกปลาต้มผักกาดดองชามยักษ์ฟรี! หรือคูปองลด 50% เมนูหม่าล่าทั่ง! โปรดีขนาดนี้สายกินต้องรีบพุ่งตัวมาด่วนนนน! 👇
#YONNY #YONNYPlatinumPop #หม่าล่าทั่ง #ปลาต้มผักกาดดอง #รีวิวร้านอาหาร #อร่อยบอกต่อ #ปักหมุดร้านอร่อย #ของกินกรุงเทพ",https://drive.google.com/file/d/1ktAFG9mwIra6WsR07MW7ddzkF84V8xRV/view?usp=drivesdk,"- 0.19 พอจะมีคลิปกุ้งด้วยมั้ยนะค้าบ
- 0.41 แก้ Text เป็น (50 โต๊ะแรกของวัน)
- 0.43 แก้ Text จาก หมาล่าทั่ง เป็น หม่าล่าทั่ง
และเพิ่ม (ใช้สำหรับการทานครั้งถัดไป)",,,,,"IG Reels: https://www.instagram.com/reel/Da-eWr_h_mk/
TikTok Video: https://vt.tiktok.com/ZSX9VxCuE/
Facebook Post: https://www.facebook.com/share/r/1DoZMLjEMu/",Gen Code (TikTok): #aQiSNm4GtCc3jSgM7A1jhsfN3oe5S+kflACFQurCgMhOpk6FMAcBjdM9MX7/0FE=,"146,000",140,5,15,32,"14,100",184,2,0,1,0,
12,,alek_store,https://www.tiktok.com/@alek_store,50.5K,,16/7/26,,,,,,,,,,,,,,,,,,,,,
13,,iampetch,https://www.tiktok.com/@iam_petchz,1162,,16/7/26,,,,,,,,,,,,,,,,,,,,,