,,1,2,3,4,5,6,7,8,,9,10,11,12,13,14,15,16,17,18,,ZUS Buttercreme Mid Month - ,,,,,,,,,,19
Status,Project,,,,,,,,,,,,,,,,,,,,,,,,,,,,,,,
In Process,ZUS Buttercreme - Mid Month,,,,,,,,,,,,,,,,,,,,,,,,,,,,,,,
,,,,TOTAL,,,,,,,,,,,,,,,,,,,,,,,,,,,,
,,,,"1,025,251",0,,,,0,,,,,,ZUS Coffee Comment,,,,,,,,,,,,,,,,,
NO.,Status,List,Link,Follower,Average View,Average Engagement,KOL Confirm,Foxtells Confirm,Zus Coffee Confirm,Code,Date/Time,Caption,Draft 1,Foxtells Suggestion (Draft 1),Zus Coffee Comment (Draft 1),Draft 2,Foxtells Suggestion (Draft 2),Zus Coffee Comment (Draft 2),Link Post,Gen Code,Tiktok - View,Tiktok - Like,Tiktok - Comment,Tiktok - Save,Tiktok - Share,Reels - View,Reels - Like,Reels - Comment,Reels - Repost,Reels - Share,Reels - Save,Note
1,Done,skip.to.weekend,https://www.tiktok.com/@skip.to.weekend,446.4K,,,TRUE,TRUE,TRUE,ZUSKOLS100FFUH,"9 พ.ค. 69 - 11:00, Central พระราม 9","🥐☕️ ช่วงนี้ ZUS Coffee มี Buttercreme Series ออกใหม่
เครื่องดื่มที่ด้านบนจะมีบัตเตอร์ครีมเนียนๆ อยู่ทุกแก้ว

แล้วพิเศษคือในซีรีส์นี้
ซื้อเครื่องดื่ม 1 แก้ว
แถมมินิครัวซอง 1 ชิ้น 🥐
โปรโมชั่นมีถึงวันที่ 11–17 พ.ค. นี้เท่านั้น",https://drive.google.com/file/d/1zf4GPRVb28XZIdRr445nq3c9qjKwnXuh/view?usp=drivesdk,ผ่าน,ผ่าน,,,,Tiktok : https://www.tiktok.com/@skip.to.weekend/video/7638946556460256530,#lC2O7M83N+SS2Oam/Ah2zFon7YVr/Nb94OT9X9LJD6+ONDG0pxMJsIYnkNlY6s8=,"124,000","1,152",3,62,31,,,,,,,x
2,Done,plaifahhahaha,https://www.tiktok.com/@plaifahhahaha,109.9K,,,TRUE,TRUE,TRUE,ZUSKOLS100EJ8E,"9 พ.ค. 69 - 11:00, United Center Silom","10/10 อร่อยมากจริงๆ แบบอร่อยทุกเมนูเลยอะ ยิ่งกินกับครัวซองยิ่งเข้ากัน! 😍💖

#ปลายฟ้าาาาา #tiktokพากิน #ZUSCOFFEE #ZUSCOFFEETH #BUTTERCREME",https://drive.google.com/file/d/1jR2UkBIA-3aacuI-5VLJGd4f7U_w7ZB4/view?usp=drivesdk,0.13-0.15 Buttercreme ดูเป็นก้อนๆ ไม่แน่ใจว่าทาง ZUS อยากให้แก้ไหม,ผ่าน,,,,"Tiktok : https://www.tiktok.com/@plaifahhahaha/video/7638918120459046152
IG Reels : https://www.instagram.com/reel/DYO_43_B9zs/?igsh=aG1sc3dmZG1iYWQ",#NS5sTew7DGiwLdSQev2iaSXleFpd7YEJ0EhwLjvraDzEDjPTJ/IH9GAwnGvclMw=,"4,008",221,12,24,15,"4,200",104,0,3,4,4,x
3,Done,bananoeii,https://www.tiktok.com/@bananoeii,157.1K,,,TRUE,TRUE,TRUE,ZUSKOLS100FOB5,"9 พ.ค. 69 - 11:00, Central Ladprao",,,,,,,,Tiktok : https://vt.tiktok.com/ZSxR6tfyM/,#ugZF5g13i2DpXiLGvdrTPG1KgQxHamGiRHvIrU/yEGbgZ+PeQMn+2NN+ckp4g9w=,"109,300","1,984",13,37,39,,,,,,,
4,Done,buabibbib,https://www.tiktok.com/@buabibbib,108.8K,,,TRUE,TRUE,TRUE,ZUSKOLS1003RYW,"8 พ.ค. 69 - 18:40, สาขายิ่งเจริญ สแควร์",Buttercreme ออกใหม่ ได้มินิครัวซองมาอีก 1 ✨🤩 #อร่อยบอกต่อ #ปันโปร #บอกโปร #Zuscoffee #รีวิวคาเฟ่,https://drive.google.com/drive/folders/1bq_WstgIfI55miLOq44Vd_nVm-rFs9Sl,"1. 0.35 แก้ไขคำว่า Buttercreme เขียนแบบนี้
2. 0.52 ZUS Coffee เขียนแบบนี้ ZUS ใช้พิมพ์ใหญ่เท่านั้น","1.  0.03 - 0.06 ใส่ text หรือพูด เพิ่มว่า ""แถมฟรี มินิครัวซองต์ ราคาปกติ 60 บาท""
2. 0.35 แก้ไขคำว่า Buttercreme เขียนแบบนี้
3. 0.52 ZUS Coffee เขียนแบบนี้ ZUS ใช้พิมพ์ใหญ่เท่านั้น",https://drive.google.com/drive/folders/1bq_WstgIfI55miLOq44Vd_nVm-rFs9Sl,แก้ราคาครัวซองต์ หากแก้แล้วลงได้เลย,ผ่าน,"Tiktok : https://www.tiktok.com/@buabibbib/video/7638980715811540232
IG Reels : https://www.instagram.com/reel/DYPRXjbJg6J/?igsh=Y29taXlmM2llOHVv",#JsFECv/WbRKplCat+TQ0sCa8qpKfGNn2N+BAX5xU0VOk6xIJsLh0FYPPF8oZPLA=,"4,612",424,4,20,31,"1,146",22,0,1,0,0,x
5,Done,majourneyy,https://www.tiktok.com/@majourneyy,"8,558",,,TRUE,TRUE,TRUE,ZUSKOLS1009E6Y,"9 พ.ค. 69 - 12:00, สาขา Central Westgate","ZUS COFFEE รอบนี้จัดเต็มมาก 🤎
ซื้อ Buttercreme Series 1 แก้ว
แถมฟรีมินิครัวซองต์หอมเนย 1 ชิ้น!

เครื่องดื่มหอม นัว ครีมมี่
กินคู่ครัวซองต์คือเข้ากันสุด ๆ
สายคาเฟ่ต้องไปลองงง

#ZUSCOFFEE #ZUSCOFFEETH #BUTTERCREME #ZUSCoffeeThailand #ButtercremeSeries #รีวิวคาเฟ่ #คาเฟ่ #เมนูใหม่ #กาแฟ #ครัวซองต์ #TikTokพากิน #อร่อยบอกต่อ #Majourney #มาเจอนี่",https://drive.google.com/drive/folders/1o6JqsbZx8brFEPWUulujpm79DQ7dS4qZ, 1. 0.24 คำว่าโปรโมชั่น ขาดไม่เอก,"1. 0.03  ใส่ text หรือพูด เพิ่มว่า ""แถมฟรี มินิครัวซองต์ ราคาปกติ 60 บาท"" 
2. 0.24 คำว่าโปรโมชั่น ขาดไม่เอก",https://drive.google.com/file/d/1FgsHenOp7dWk9wxIXZ852AZADGmqKAM6/view?usp=drivesdk,0.03 แก้ราคา มินิครัวซองต์ จาก 40 เป็น 60 บาท,0.03 แก้ราคา มินิครัวซองต์ จาก 40 เป็น 60 บาท,"Tiktok : https://www.tiktok.com/@majourneyy/video/7639009604466265364?_r=1&_t=ZS-96Ip3BS3UT1
IG Reels : https://www.instagram.com/reels/DYPk46zTruz/
IG  Post : https://www.instagram.com/p/DYPkYqQk7lu/",#c5JOd/OnGyOOBGAFNX7o0v4OEFhDFMb+NtQeUGOJ+up83ldfKkbDYmAWD9hjgUw=,400,56,9,4,10,147,1,0,0,0,0,
6,Done,aroykubome,https://www.tiktok.com/@aroykubome,"4,056",,,TRUE,TRUE,TRUE,ZUSKOLS1008QNV,"8 พ.ค. 69 - 15:00, สาขา Central Westgate","จับคู่ความฟิน! Buttercreme Latte x ครัวซองต์ฟรีที่ ZUS COFFEE 🥐✨
วันนี้พามาจัดโปรเด็ดกลางเดือนของ ZUS Coffee ครับ ใครชอบความนัวของ Buttercreme ต้องเลิฟ เพราะตอนนี้เขามีโปร Buy 1 Get 1 Free Croissant เมื่อสั่งเมนู Buttercreme ผ่านแอป!
ตัวครัวซองต์คือดีมากกก จุ่มกินกับฟองนมละมุนๆ คือนิพพาน 🤤 ใครยังไม่ลองต้องรีบเลย โปรสั้นๆ แค่ 7 วันเท่านั้น!
📍 พิกัด: ZUS Coffee (ในคลิปคือสาขา Central Westgate นะ)
⏰ ระยะเวลา: 11 - 17 พ.ค. 69
#ZUSCOFFEE #ZUSCOFFEETH #BUTTERCREME #โปรโมชั่น",https://drive.google.com/file/d/1U8FjQDM7hiU_Gq-MsN-A5UdQRCdcHDbk/view?usp=drivesdk,"1. 0.03 เอาคลิปครัวซองต์จิ้มขึ้นต้นคลิปได้มั้ยนะค้า
2. 0.28 แก้ไขวันโดยเพิ่มปีด้วย เป็น 11 - 17 พ.ค. 2569","1. 0.03 เอาคลิปครัวซองต์จิ้มขึ้นต้นคลิปได้มั้ยนะค้า
2. 0.08 ใส่ text หรือพูด เพิ่มว่า ""แถมฟรี มินิครัวซองต์ ราคาปกติ 60 บาท""
3. 0.28 แก้ไขวันโดยเพิ่มปีด้วย เป็น 11 - 17 พ.ค. 2569",https://drive.google.com/file/d/1Pfqf7ggpu4dlAfy_fMEnUmhCfh4ZGcFM/view?usp=drivesdk,0.08 แก้ราคา มินิครัวซองต์ จาก 40 เป็น 60 บาท,0.08 แก้ราคา มินิครัวซองต์ จาก 40 เป็น 60 บาท,"Tiktok : https://www.tiktok.com/@aroykubome/video/7639234389590904071?_r=1&_t=ZS-96Jnfj7IJeP
IG Reels : https://www.instagram.com/reels/DYRCKRuP-kJ/
IG  Post : https://www.instagram.com/p/DYRDsPqHV5M/",#yd6F2xP09jRiTGnnaj+FqJvGE4aQ/jlCIz9qdsIPEhM5FN6wNR9QSTr/AktbVJM=,"1,041",54,2,7,16,488,11,0,1,0,0,
7,Done,nambabyyoda,https://www.tiktok.com/@nambabyyoda,"156,600",,,TRUE,TRUE,TRUE,ZUSKOLS100DALQ,"8 พ.ค. 69 - 12:00, สาขายิ่งเจริญ สแควร์","ใครชอบกินกาแฟจุ่มครัวซองต์ต้องมาทางนี้! 🥐☕️ ZUS COFFEE จัดโปรแรง ซื้อ Buttercreme Series แถมฟรี Mini Croissant ทันที!

✅ สั่งผ่าน ZUS App เท่านั้น
✅ เมล็ดกาแฟอราบิก้าพรีเมียม
✅ โปรโมชั่น 11-17 พ.ค. 69 นี้

รีบพุ่งตัวไปที่ ZUS COFFEE ด่วนนน! 💨

#ZUSCOFFEE #ZUSCOFFEETH #BUTTERCREME",https://drive.google.com/file/d/17sZ6tGBU1GXIc7X5G8crY9a0QkmdgKwi/view?usp=drivesdk,"1. 0.14|0.16|0.17|0.21 อ่านว่า บัตเตอร์เคร็ม ไม่ใช่ บัตเตอร์ครีม
2. 0.33 รบกวนเพิ่มปี เป็น 11-17 พ.ค. 69
","1. 0.14|0.16|0.17|0.21 อ่านว่า บัตเตอร์เคร็ม ไม่ใช่ บัตเตอร์ครีม
2. 0.02 ใส่ text หรือพูด เพิ่มว่า ""แถมฟรี มินิครัวซองต์ ราคาปกติ 60 บาท""
3. 0.33 รบกวนเพิ่มปี เป็น 11-17 พ.ค. 69 
4. 0.16 แก้ไขคำว่า Matcha
",https://drive.google.com/file/d/1kSX6D2Q1k1hlh7Lsk-Zr5Bj9hNAbqElO/view?usp=drivesdk,0.02 แก้ราคา มินิครัวซองต์ จาก 40 เป็น 60 บาท,0.02 แก้ราคา มินิครัวซองต์ จาก 40 เป็น 60 บาท,"Tiktok : https://vt.tiktok.com/ZS9E1eoJE/
IG Reels : https://www.instagram.com/reel/DYPUuMgpS0x/
IG  Post : https://www.instagram.com/p/DYPVBammQdj/",#EtigmiX9EdWbGoDtgOVdyq3XWHnqoK08f6GDskgWuepFo3kQAOP0ny4ZQ2m1WhQ=,262,23,2,0,0,993,19,2,1,0,0,
7,,tyzalmp,https://www.tiktok.com/@tyzalmp,"11,800",,,TRUE,,,,,,,,,,,,,,,,,,,,,,,,,
8,Done,triplemplusshop,https://www.tiktok.com/@triplemplusshop,"17,600",,,TRUE,TRUE,TRUE,ZUSKOLS1001HDQ,"9 พ.ค. 69 - 12:00, สาขา Central Westgate","โปรกลางเดือนพฤษภาคม 69 มาแล้ว ZUS COFFEE จัดให้ ซื้อเครื่องดื่มอะไรก็ได้ในซีรี่ย์ Buttercreme รับ มินิครัวซอง 1 ชิ้น ให้อร่อยฟินแบบสุดคุ้มเพียงทำรายการสั่งเมนูผ่าน ZUS App ระยะเวลาโปรโมชั่น ตั้งแต่วันที่ 11-17 พฤษภาคม 69 เท่านั้น รีบมากันนะ

#ZUSCOFFEE #ZUSCOFFEETH #BUTTERCREME",https://drive.google.com/drive/folders/1viEBkqPLOKw-8joYXHzfEPO4y754euz-,ผ่าน,ผ่าน,,,,"Tiktok : https://vt.tiktok.com/ZS93xAnqt/
IG Reels : https://www.instagram.com/reel/DYL7zd9g_d-/
IG  Post : https://www.instagram.com/p/DYL7gTWH1ri/",#JMhnnrchGqC0mlphN0TWiywwlE+pkMa1kBzFodaXwmzBUpWcAj5zvEmePKilR7A=,"56,500",89,10,16,24,167,2,0,1,0,0,x
9,Done,miss.marie39,https://www.tiktok.com/@miss.marie39,"15,700",,,TRUE,TRUE,TRUE,ZUSKOLS100ZKGD,"8 พ.ค. 69 - 14:00, Central พระราม 9",เพื่อนๆรู้ยัง!!! ZUS COFFEE ☕️ เมื่อซื้อเมนูใดก็ได้ใน Buttercreme ซีรี่ย์ ฟรี มินิครัวซองค์ ตั้งแต่ 11-17 พฤษภาคม 2569 นี้ ~~ 🫶🫶🫶 ,https://drive.google.com/drive/folders/14s-3S1_I1xgVyV1aoHvUpHRmSofc_mYk,0.05-0.07 ตัดออกเหมือนเนื้อหาซ้ำกับตอนท้าย,"1. 0.15 แก้ไข Choco buttery เป็น Iced Buttercreme Chocolate 
2. ใส่ text หรือพูด เพิ่มว่า ""แถมฟรี มินิครัวซองต์ ราคาปกติ 60 บาท""",https://drive.google.com/file/d/1Bmnv2cx_-Mpg0moQPGImSM4HgEcIVoft/view?usp=drivesdk,0.15 แก้ไชว้อยซ์ ให้เป็น Iced Buttercreme Chocolate ,1. 0.15 แก้ไชว้อยซ์ ให้เป็น Iced Buttercreme Chocolate ,"Tiktok : https://www.tiktok.com/@miss.marie39/video/7639007397994220821?_r=1&_t=ZS-96IoHfePzkH
IG Reels : https://www.instagram.com/reels/DYPV13ry2WG/
IG Post : https://www.instagram.com/p/DYPYIrBkvrU/",#wT/nG6TlMNEIjOAgP2FlIuVBPp61Fy6kIMsgvlgKn/5jBQPlgh3UEGnboYjq3X0=,"4,388",84,70,9,3,"23,100",,54,1,0,0,x
10,Done,nannieeii,https://www.tiktok.com/@nannieeii,"3,095",,,TRUE,TRUE,TRUE,ZUSKOLS100ZLVD,"8 พ.ค. 69 - 18:00, Central พระราม 9","รีบพุ่งตัวด่วน❗️ZUS Coffee เค้ามีโปร ซื้อเมนูใดก็ได้ในซีรี่ Buttercreme รับฟรี! มินิครัวซอง🥐✨💖

ตั้งแต่ 11-17 พ.ค.69 นี้เท่านั้นนนน",https://drive.google.com/drive/folders/1dYxW0F5sGxnIQ3_CnxJwMdOOtEEgPMUM,ผ่าน,ผ่าน,,,,"Tiktok : https://vt.tiktok.com/ZS93vMSKB/
IG Reels : https://www.instagram.com/reel/DYMMLf5MCot/
IG  Post : https://www.instagram.com/p/DYMM0MRmbsU/",#lIQVGuBWnwKBVaGY1ex6D5y1i0h9s69qAL66lhJsdA73m6B9c9GC5xJtyeFDfpE=,"1,164",22,3,5,0,313,10,0,1,0,0,x
11,cancel,pridsadee168,https://www.tiktok.com/@pridsadee168,"70,600",,,FALSE,FALSE,TRUE,,"9 พ.ค. 69 - 12:00, สาขาสะพานใหม่",,,,,,,,,,,,,,,,,,,,,
12,,parichat.mukk,https://www.tiktok.com/share/user/6536278080930398210?source=ad_review,"20,500",,,TRUE,,,,,,,,,,,,,,,,,,,,,,,,,
11,Done,bestktsz,https://www.tiktok.com/@bestktsz,"20,100",,,TRUE,TRUE,TRUE,ZUSKOLS100YSEJ,"8 พ.ค. 69 - 18:00, Central พระราม 9","Buttercreme + มินิครัวซองต์ = คอมโบที่ควรลองที่สุดตอนนี้ 🥐✨
ซื้อเครื่องดื่มอะไรก็ได้ใน Buttercreme Series รับฟรีมินิครัวซองต์เลย!
เฉพาะวันที่ 11 - 17 พ.ค. 69 และสั่งผ่าน ZUS App เท่านั้น 🤍#zuscoffee #zuscoffeeth #ดื่มZUSไม่มีทรุด #อ่านว่าซุสไม่ใช่ทรุด",https://drive.google.com/drive/folders/1tbIaFgbh4weITkNz64aiVXejIf0GiNCM,1.0.09 | 0.13 | 0.25 | 0.31 อ่านว่าบัตเตอร์เคร็ม ไม่ใช่บัตเตอร์ครีม ,"1.0.09 | 0.13 | 0.25 | 0.31 อ่านว่าบัตเตอร์เคร็ม ไม่ใช่บัตเตอร์ครีม 
2.ใส่ text ตรงระยะเวลาโปรโมชั่น 11-17 พ.ค. 69 
3. 0.15 ใส่ text หรือพูด เพิ่มว่า ""แถมฟรี มินิครัวซองต์ ราคาปกติ 60 บาท""",https://drive.google.com/drive/folders/1tbIaFgbh4weITkNz64aiVXejIf0GiNCM,0.12  แก้ราคา มินิครัวซองต์ จาก 40 เป็น 60 บาท,0.12  แก้ราคา มินิครัวซองต์ จาก 40 เป็น 60 บาท,"Tiktok :  https://vt.tiktok.com/ZSxeMJGKp/
IG Reels : https://www.instagram.com/reel/DYT-BEgThqO/
IG  Post : https://www.instagram.com/p/DYT_YsnE98C/",#k7Xtz6+/M8Eg8rTR3TiAAQ8gfnKs5tjrdJxVtd425KynzAtC7KizP0689OHh03U=,319,44,0,0,0,"5,809",66,0,1,1,1,
12,Done,fifa_teera2552,https://www.tiktok.com/share/user/6602590878764793857?source=ad_review,"30,100",,,TRUE,TRUE,TRUE,ZUSKOLS100WZCH,"9 พ.ค. 69 - 12:00, United Center สีลม",Zus coffeeออกโปรโมัช่นใหม่ ต้องรีบไปตามแล้ว บอกเลยโคตรจะหอมอร่อย ระยะเวลา11-17พค.นี้เท่านั้น!! #ZUSCOFFEE #ZUSCOFFEETH #BUTTERCRÈME,https://drive.google.com/drive/folders/1AscHaIH0DogUVJla0mHYJRnzp2YKua1N,1. ขอเอาคลิป 0.13 มาทิ้งต้นคลิปด้วยได้มั้ยประมาณ 1-2 วินาทีแรก เพื่อหยุดคนดูด้วยความน่าทาน จากนั้นเอาตามสไตล์อินฟลูฯได้เลย,"1. ขอเอาคลิป 0.13 มาทิ้งต้นคลิปด้วยได้มั้ยประมาณ 1-2 วินาทีแรก เพื่อหยุดคนดูด้วยความน่าทาน จากนั้นเอาตามสไตล์อินฟลูฯได้เลย
2. 0.10 ใส่ text หรือพูดเพิ่ม ""แถมฟรี มินิครัวซองต์ ราคาปกติ 60 บาท""",https://drive.google.com/file/d/1WEPsIqHbqLtRfvEVCJdBB7Udi-sjgcLs/view?usp=drivesdk,0.10  แก้ราคา มินิครัวซองต์ จาก 40 เป็น 60 บาท,0.10  แก้ราคา มินิครัวซองต์ จาก 40 เป็น 60 บาท,"Tiktok : https://vt.tiktok.com/ZSxdwRyDW/
IG Reels : https://www.instagram.com/reel/DYV233PTvE0/
IG  Post : https://www.instagram.com/p/DYV35OOk-Cu/",#qcM9aS5D6YVIyfDNx+Jk2ovwDbDJ2zUpOjiTRxNYuTGYLbZ03Lazf24f7RGFVF4=,262,30,2,0,1,"1,529",33,0,1,0,0,
13,Done,grace.isgrace,https://www.tiktok.com/share/user/6811473749965259778?source=ad_review,"3,353",,,TRUE,TRUE,TRUE,ZUSKOLS100MJVM,"9 พ.ค. 69 - 10:00, Thyme บางนา","ความละมุนที่ลงตัว! ✨ สัมผัสความนุ่มนวลของ Buttercreme Series จาก ZUS Coffee ที่จะทำให้เช้าวันนี้พิเศษกว่าเดิม ยิ่งดื่มคู่กับ ""มินิครัวซอง"" ที่แถมมาให้ บอกเลยว่าฟินคูณสอง 🥐☕️

สั่งเลยที่ ZUS App รับฟรี! มินิครัวซองทันทีเมื่อซื้อเครื่องดื่มในซีรีส์นี้
📅 11-17 พ.ค. 69 เท่านั้นนะ!",https://drive.google.com/drive/folders/1Ri23LfzsRE4Vrka_-IrMRmIU_BHu8Y1A,ผ่าน,ผ่าน,,,,"Tiktok : https://vt.tiktok.com/ZS9Kbw7Ec/
IG Reels : https://www.instagram.com/reel/DYPCU7Zzh9_/
IG  Post : https://www.instagram.com/p/DYObPGMk4xj/",#kD7hcjB7dcFPsYxVBVjmd4tYnRuPEwtXHyeiooWhpaaFuzUCrpJRs/ziqIYPTAg=,221,21,4,1,16,"1,048",42,0,4,9,0,x
16,,best.lingnoii,https://www.tiktok.com/@best.lingnoii,"47,000",,,TRUE,,,,,,,,,,,,,,,,,,,,,,,,,
17,,iadynm,https://www.tiktok.com/@iadynm,"10,100",,,TRUE,,,,,,,,,,,,,,,,,,,,,,,,,
14,Done,pallyproud,https://www.tiktok.com/@pallyproud?_r=1&_t=ZS-93783g4O4X2,"60,600",,,TRUE,TRUE,TRUE,ZUSKOLS1007QQS,"9 พ.ค. 69 - 14:00, Central Westgate","""เจอเมนูโปรดใหม่แล้ว Buttercreme Series ของ ZUS คือ ครีมละมุนมากกก แล้วตอนนี้ซื้อเครื่องดื่ม แถมมินิครัว ซองต์ฟรีด้วยนะ!
#zuscoffee #zuscoffeeth #buttercreme",https://drive.google.com/drive/folders/13N8tfJg9K1lE_zubopu1Pmr4dLgF1q_E,"1. รบกวนใช้คลิป 0.31 ขึ้นต้นคลิปแทน
2. ตอนรบกวนเพิ่มเพลงคลอๆสไตล์คาเฟ่","1. รบกวนใช้คลิป 0.31 ขึ้นต้นคลิปแทน
2. ตอนรบกวนเพิ่มเพลงคลอๆสไตล์คาเฟ่
3. แก้ไขคำว่า Chocolate
4. 0.12ใส่ text หรือพูดเพิ่ม ""แถมฟรี มินิครัวซองต์ ราคาปกติ 60 บาท""",https://drive.google.com/drive/folders/13N8tfJg9K1lE_zubopu1Pmr4dLgF1q_E,0.12  แก้ราคา มินิครัวซองต์ จาก 40 เป็น 60 บาท,0.12  แก้ราคา มินิครัวซองต์ จาก 40 เป็น 60 บาท,"Tiktok : https://vt.tiktok.com/ZS9KEjyER/
IG Reels : https://www.instagram.com/reel/DYPWEA_xxti/
IG  Post : https://www.instagram.com/p/DYPXe2CxUeP/",#OcgwhF0SbHWsRoOAAB28VMWOYQbC1jZX2bkGnUQhNjo8feffA9jk4UBsB+QbEjs=,"3,225",297,77,11,13,"2,644",135,18,0,0,0,
19,,famsrwpp,https://www.tiktok.com/@famsrwpp,"5,408",,,TRUE,,,,,,,,,,,,,,,,,,,,,,,,,
20,,nnonktp,https://www.tiktok.com/@nnonktp,"13,600",,,TRUE,,,,,,,,,,,,,,,,,,,,,,,,,
15,Done,giftounsaimoo,www.tiktok.com/@giftounsaimoo,"35,700",,,TRUE,TRUE,TRUE,ZUSKOLS100AXPA,"8 พ.ค. 69 - 10:30, Central Rama 3",DIP ครัวซองกับ Buttercreme Series แล้วอร่อยมาก #ZUSCOFFEE #ZUSCOFFEETH #BUTTERCREME,https://drive.google.com/drive/folders/1BTJR3NA5ybBARLLZumAofRwmIOEw31LI,ผ่าน (ตอนลงรบกวนเพิ่มเสียงพูดให้ดังขึ้น และมีเสียงเพลงสไตล์คาเฟ่คลอๆ),"1.ตอนลงรบกวนเพิ่มเสียงพูดให้ดังขึ้น และมีเสียงเพลงสไตล์คาเฟ่คลอ
2. 0.08 ใส่ text หรือพูดเพิ่ม ""แถมฟรี มินิครัวซองต์ ราคาปกติ 60 บาท""",https://drive.google.com/drive/folders/1BTJR3NA5ybBARLLZumAofRwmIOEw31LI,0.08  แก้ราคา มินิครัวซองต์ จาก 40 เป็น 60 บาท,0.08  แก้ราคา มินิครัวซองต์ จาก 40 เป็น 60 บาท,"Tiktok : https://vt.tiktok.com/ZS9KKyKaL
IG Reels : https://www.instagram.com/reel/DYPXrMyP7xL/
IG  Post : https://www.instagram.com/p/DYPYwgKD7Ja/",#L9Tkg5YpdkYAB7hiV5tvngvK5Ou1l/IQPykKm/vvQfM8tdjXglaSFNiJ/yEmfZI=,"3,553",246,29,9,5,302,8,0,2,0,0,
16,Done,sommickez,https://www.tiktok.com/@sommickez,"17,400",,,TRUE,TRUE,TRUE,ZUSKOLS100LBCW,"7 พ.ค. 69 - 12:00, บ้านก้ามปู อโศก","Butter Bae จาก ZUS Coffee คือเมนูที่ต้องลอง 🥐☕️
ความครีมมี่หอมบัตเตอร์ ตัดกับความซ่าสปาร์คกลิ้งเบาๆ ลงตัวมากกก
แถมสั่งผ่านแอปแล้วไปรับที่ร้าน ยังได้มินิครัวซองต์ฟรีอีกด้วย 💛✨รียไปลองกันนะ 11-17 พค นี้เท่านั้น ",https://drive.google.com/drive/folders/1JrPUhp5h7faJng0H4XMpmczTPTkEIcmR,"1. 0.02 | 0.04 | 0.19 | 0.28 | 0.32 | 0.38 - ให้พูดว่า ""บัตเตอร์เคร็ม""

** Buttercreme อ่านว่า บัตเตอร์-เคร็ม ไม่ใช่ บัตเตอร์ครีม","1. 0.02 | 0.04 | 0.19 | 0.28 | 0.32 | 0.38 - ให้พูดว่า ""บัตเตอร์เคร็ม""
2. 0.07 ใส่ text หรือพูดเพิ่ม ""แถมฟรี มินิครัวซองต์ ราคาปกติ 60 บาท""
3. อาจจะลองใส่เพลงคลอๆ",https://drive.google.com/drive/folders/1JrPUhp5h7faJng0H4XMpmczTPTkEIcmR,ผ่าน,ผ่าน,"Tiktok : https://vt.tiktok.com/ZS9KK1xab/
IG Reels : https://www.instagram.com/reel/DYPYkbmv6oB/
IG  Post : https://www.instagram.com/reel/DYPYkbmv6oB/",#eO3omz8bviMg7Cc5vDWiGAK+/E32o+9VS1P5Q4C1ObygT7kVb+J1LJ5pn3kEBrM=,198,9,1,0,1,621,14,2,0,0,0,x
17,Done,platyplaty.13,https://www.tiktok.com/@platyplaty.13,"64,300",,,TRUE,TRUE,TRUE,ZUSKOLS100U11D,"8 พ.ค. 69 - 12:00, Central พระราม 3","ZUS COFFEE BUTTERCREME 
Free Croissant ✨🥐
สามารถสั่งผ่าน ZUS App ได้เลย
โปรโมชั่น วันที่ 11-17 พ.ค. 69 เท่านั้น!
@ZUSCOFFEE.TH 
#ZUSCOFFEE #ZUSCOFFEETH #BUTTERCREME",https://drive.google.com/drive/folders/10pXccQHzGLrhTj4LLBLrbGR582e8Z9AH,"0.16 - ให้พูดว่า ""บัตเตอร์เคร็ม""","1. 0.08 ใส่ text หรือพูดเพิ่ม ""แถมฟรี มินิครัวซองต์ ราคาปกติ 60 บาท""
2. 0.16 - ให้พูดว่า ""บัตเตอร์เคร็ม""",https://drive.google.com/drive/folders/10pXccQHzGLrhTj4LLBLrbGR582e8Z9AH,ผ่าน,ผ่าน,"Tiktok : https://vt.tiktok.com/ZS9K5MY8G/
IG Reels : https://www.instagram.com/reel/DYO2-rUv6IY/
IG  Post : https://www.instagram.com/p/DYO4BJ2mJqm/",#xNKvXZmgUty/cnxFmckL0HfHWqiQXv7aRFmKJdc/959SUzhCYjEek0LhWo1ihGw=,183,11,2,0,1,810,32,6,0,0,0,x
24,cancel,haendibaee,https://www.tiktok.com/@haendibaee?_t=8XaZggtsJc1&_r=1,"79,000",,,FALSE,FALSE,TRUE,,"7 พ.ค. 69 - 16:00, Central Pinklao",,,,,,,,,,,,,,,,,,,,,
25,,thomas_suii,https://www.tiktok.com/@thomas_suii,"145,400",,,TRUE,,,,,,,,,,,,,,,,,,,,,,,,,
18,Done,mycookiehouse,http://www.tiktok.com/@mycookiehouse,"23,600",,,TRUE,TRUE,TRUE,ZUSKOLS100WZWI,,"รู้ยัง ZUS COFFEE เขามีโปรโมชั่น ซื้อเมนู Buttercreme แถมฟรีมินิครัวซองฟรี! 

ตั้งแต่วันนี้ - 17 พ.ค. 69 น้า
สั่งผ่าน ZUS APP ได้เลย ",https://drive.google.com/drive/folders/1KbH1WUTxrt-19K8lYlSSliw1rddGY8Y-,ผ่าน,ผ่าน,,,,"Tiktok : https://vt.tiktok.com/ZSxe7PgAV
IG Reels : https://www.instagram.com/reel/DYUjla6zq_T
IG  Post : https://www.instagram.com/p/DYUkTURk_6i/",#SGCjfcsqoYteMly3s/0fEX2kAv37mdq7fZ+RFgKcbq+UzoBPm5pl8j8rSHZchGk=,231,9,1,0,9,419,13,2,0,0,0,
27,,superlinllyn,https://www.tiktok.com/share/user/6755364369843012609?source=ad_review,"8,469",,,TRUE,,,,,,,,,,,,,,,,,,,,,,,,,
28,,,,,,,,,,,,,,,,,,,,,,,,,,,,,,,,
29,,mmilkmili,https://www.tiktok.com/share/user/7120238979728245786?source=ad_review,"137,800",,,TRUE,,,,,,,,,,,,,,,,,,,,,,,,,
19,Done,aingchuta,https://www.tiktok.com/@aingchuta,"60,700",,,TRUE,TRUE,TRUE,ZUSKOLS100WYOR,"9 พ.ค. 69 - 16:00, Central Westville",สั่ง  Buttercreme series รสชาติใดก็ได้ รับฟรี ครัวซองค์ 11-17 พ. ค 69 นี้เท่านั้น,https://drive.google.com/file/d/1G2FPdSjShOwESmaLhUMcpipdwv7YNjfp/view?usp=drivesdk,ผ่าน,ผ่าน,,,,"Tiktok : https://vt.tiktok.com/ZS9T1uN3C/
IG Reels : https://www.instagram.com/reel/DYL9vA5yBHC/
IG  Post : https://www.instagram.com/reel/DYL9vA5yBHC/",#1n4camA8kV9JqqiblHu+DIHSSbn3Nci2eNIMNDJVYSABYrV0WNv1MP4IwMR0IXI=,989,79,3,4,2,450,12,0,1,0,0,0
31,,babyyelly,https://www.tiktok.com/@babyyelly,"1,506",,,TRUE,,,,,,,,,,,,,,,,,,,,,,,,,
32,,magusgaa,https://www.tiktok.com/share/user/7423315340408914952?source=ad_review,"2,860",,,TRUE,FALSE,FALSE,,,,,,,,,,,,,,,,,,,,,,,
33,,,,,,,,FALSE,FALSE,,,,,,,,,,,,,,,,,,,,,,,
34,,jerryb1999,https://www.tiktok.com/@jerryb1999,"39,600",,,TRUE,FALSE,TRUE,,,,,,,,,,,,,,,,,,,,,,,
20,Done,kkmindjourney,https://www.tiktok.com/@kkmindjourney,"3,690",,,TRUE,TRUE,TRUE,ZUSKOLS100TIRA,"9 พ.ค. 69 - 14:00, ยิ่งเจริญ สแควร์","Buttercreme & Mini Croissant
ใน Zus coffee โคตรจะเริศศ 🥐🍵

📍โปรโมชั่น 11 - 17 พ.ค. 69 นี้เท่านั้น 
ซื้อเครื่องดื่มเมนูอะไรก็ได้ใน Buttercreme Series ผ่าน Zus app ก็รับมินิครัวซองต์ไปเลย 1 ชิ้น",https://drive.google.com/drive/folders/1FkBf931SdWucrnt3cSQeJlMzWjHPGpiR,"0.11 - เปลี่ยนจาก ""หอมกาแฟเบาๆ"" -> ""หอมคุกกี้เนยเบาๆ""
0.24 - เขียน ""Series"" ผิด (ในคลิปเป็น Serise)","1. 0.11 - เปลี่ยนจาก ""หอมกาแฟเบาๆ"" -> ""หอมคุกกี้เนยเบาๆ""
2. 0.24 - เขียน ""Series"" ผิด (ในคลิปเป็น Serise)
3. 0.28 ใส่ text หรือพูดเพิ่ม ""แถมฟรี มินิครัวซองต์ ราคาปกติ 60 บาท""",https://drive.google.com/file/d/1Nji4LMutoTX2sFq5VceFGZT6ZsEFXw1H/view?usp=drivesdk,ผ่าน,ผ่าน,"Tiktok : https://vt.tiktok.com/ZS9KaKT58/
IG Reels : https://www.instagram.com/reel/DYO9-ykTjNH/
Facebook : https://www.facebook.com/share/r/17du57m5kB/",#unboreCpxVFfJt3Iikpnk+hJkX7Eq3+2b9Ep8HSKaIJm08zNVjK9rZv16B/WXV0=,"1,401",151,13,8,11,327,55,0,5,0,0,x
36,cancel,alicewonderland_d,https://www.tiktok.com/@alicewonderland_d,"23,100",,,FALSE,FALSE,TRUE,,"7 พ.ค. 69 - 14:00, Central Eastville",,,,,,,,,,,,,,,,,,,,,
37,,dish.is.dietfood,https://www.tiktok.com/@dish.is.dietfood,"38,000",,,TRUE,FALSE,FALSE,,,,,,,,,,,,,,,,,,,,,,,
38,,rubybellbluu,www.tiktok.com/@rubybellbluu,"34,200",,,TRUE,FALSE,FALSE,,,,,,,,,,,,,,,,,,,,,,,
21,Done,eat_aday,https://www.tiktok.com/@eat_aday,"15,200",,,TRUE,TRUE,TRUE,ZUSKOLS100WT5A,"9 พ.ค. 69 - 15:00, Central พระราม 9","ZUS Coffee กาแฟร้านดังจากมาเลเซียเค้าออกเมนูใหม่ในซีรี่ย์ Buttercreme มาพร้อมโปร 1 แถม 1 มินิครัวซอง ตั้งแต่ วันที่ 11-17 พ.ค. 69 สั่งผ่าน ZUS App

กาแฟอราบิก้าแท้จากประเทศกัวเตมาลา เคนยา และ ปาปัวนิวกินี โดยลูกค้าสามารถปรับแต่งเครื่องดื่มได้ ตั้งแต่การเลือกเมล็ดกาแฟไปจนถึงระดับความหวาน

#ZUSCOFFEE #ZUSCOFFEETH #BUTTERCREME ",https://drive.google.com/file/d/1WVxtY6LE8QwPkOWzO2-ZzNMsM24J-B1b/view?usp=drivesdk,"0.00-0.04 - ขอใส่ Text ตัวใหญ่ๆ ได้ไหมค้า
0.16-0.19 - เหมือนเสียงพูดเบาลง","1. 0.00-0.04 - ขอใส่ Text ตัวใหญ่ๆ ได้ไหมค้า
2. 0.10 ใส่ text หรือพูดเพิ่ม ""แถมฟรี มินิครัวซองต์ ราคาปกติ 60 บาท""
3. 0.11 เพิ่ม text ระยะเวลา โปรโมชั่น 11-17 พ.ค. 69 
4. 0.16-0.19 - เหมือนเสียงพูดเบาลง",https://drive.google.com/file/d/1Nji4LMutoTX2sFq5VceFGZT6ZsEFXw1H/view?usp=drivesdk,ผ่าน,ผ่าน,"Tiktok : https://vt.tiktok.com/ZS9KfxTcF/
IG Reels : https://www.instagram.com/reel/DYO4ZrXyWfd/
IG  Post : https://www.instagram.com/p/DYO58jfkt5G/",#GW+9a2qTQPQWJtvnQQ+bnzoIo4U3MLxIc9mjX26DriZbk9XL2l330q7lMDlBdZI=,260,9,1,0,0,532,36,11,2,0,0,x
22,Done,saintststt,https://www.tiktok.com/share/user/6516055762928746498?source=ad_review,"144,100",,,TRUE,TRUE,TRUE,ZUSKOLS100WZFR,"9 พ.ค. 69 - 20:00, Central Park",Buttercreme แถม มินิครัวซอง🧈🥐#ZUSCOFFEE #ZUSCOFFEETH #BUTTERCREME,https://drive.google.com/drive/folders/1IjxLdXlRRxvcFLOvDW2-bTygPbSHAsFe,0.24 - เพิ่ม Text “โปรมีตั้งแต่ 11-17 พ.ค. น้า“,"1. ใส่ text หรือพูดเพิ่ม ""แถมฟรี มินิครัวซองต์ ราคาปกติ 60 บาท""
2. 0.24 - เพิ่ม Text “โปรมีตั้งแต่ 11-17 พ.ค. น้า“
3. อาจจะใส่เพลงสไตล์คาเฟ่ คลอเบาๆ",https://drive.google.com/drive/folders/1IjxLdXlRRxvcFLOvDW2-bTygPbSHAsFe,ผ่าน,ผ่าน,"Tiktok : https://vt.tiktok.com/ZS9KqJGJ6/
IG Reels : https://www.instagram.com/reel/DYPIKpNzvcz/
IG  Post : https://www.instagram.com/p/DYPIYkpk8-5/",#/vazNApBlBIsEevKsoHvO/D2kcEhZkBQlgv75CTpbfxWuLTdO1VAcUNHShnWetc=,901,96,0,6,0,"1,688",58,0,0,0,0,x
41,,graphic.review,https://www.tiktok.com/@graphic.review,"31,300",,,TRUE,FALSE,FALSE,,,,,,,,,,,,,,,,,,,,,,,
23,Done,sunbeam.diary,https://www.tiktok.com/@sunbeam.diary,"8,156",,,TRUE,TRUE,TRUE,ZUSKOLS100ENUK,"8 พ.ค. 69 - 16:00, Thyme บางนา",สุดยอดคอมโบความนัวร์เลยหล่ะ #ZUSCOFFEE #ZUSCOFFEETH #BUTTERCREME,https://drive.google.com/file/d/1tUdwMsOv98cV4wASsIwq2St31qqXSFsr/view?usp=drivesdk,ผ่าน,ผ่าน,,,,"Tiktok : https://vt.tiktok.com/ZS9KnfpJu/
IG Reels : https://www.instagram.com/reel/DYPQTG6O-kx/
IG  Post : https://www.instagram.com/reel/DYPQTG6O-kx/",#tUquD48LD+KnY6SZaL40VvNVaIpfwuJuj7HjeERwRyucQFPXY3GfweMNPic5ky8=,"2,082",135,11,6,9,467,9,0,0,0,0,x
24,Done,gowithlove0,https://www.tiktok.com/@gowithlove0,"6,935",,,TRUE,TRUE,TRUE,ZUSKOLS1002QPR,"9 พ.ค. 69 - 14:00, วานิช เพลส อารีย์","สายมัทฉะต้องลอง 💚🥐
Iced Buttercreme Matcha จาก ZUS Coffee หอมมัทฉะเข้มๆ คู่บัตเตอร์ครีมนัวมาก แถมตอนนี้ซื้อเครื่องดื่มใน Buttercreme Series รับฟรี Mini Croissant ด้วยน้า ✨ รีบกดสั่งผ่าน ZUS App ได้เลย โปรถึง 17 พ.ค. 69 เท่านั้น 🤤#zuscoffee #zuscoffeeth #buttercreme",https://drive.google.com/drive/folders/1vP8yfVzacNjZl2P8FNk5l9Mbd96kyKl5,"1. 0.08 เพิ่ม text ระยะเวลา โปรโมชั่น 11-17 พ.ค. 69 
2. 0.23 ออกเสียงว่า บัตเตอร์เคร็ม","1. 0.08 เพิ่ม text ระยะเวลา โปรโมชั่น 11-17 พ.ค. 69 
2. 0.07 ใส่ text หรือพูดเพิ่ม ""แถมฟรี มินิครัวซองต์ ราคาปกติ 60 บาท""
3. 0.23 ออกเสียงว่า บัตเตอร์เคร็ม",https://drive.google.com/drive/folders/1vP8yfVzacNjZl2P8FNk5l9Mbd96kyKl5,ผ่าน,ผ่าน,"Tiktok : https://vt.tiktok.com/ZS9KudRdy/
IG Reels : https://www.instagram.com/reel/DYO94mOT35n/
IG  Post : https://www.instagram.com/p/DYO91ugEyOC/",#/e3Ck35y3q56gEiqs38N41sViWf/lc+C2Qt80eHPK8PmoQkJIHNOGr0cG5wQGyA=,202,27,13,2,1,285,6,0,1,0,0,
44,,gungging__g,https://www.tiktok.com/@gungging__g,"143,300",,,TRUE,FALSE,FALSE,,,,,,,,,,,,,,,,,,,,,,,
45,,wachiraphorntawar,https://www.tiktok.com/@wachiraphorntawar,"11,300",,,TRUE,FALSE,FALSE,,,,,,,,,,,,,,,,,,,,,,,
46,,mayyyuan,https://www.tiktok.com/@mayyyuan,"9,651",,,TRUE,FALSE,FALSE,,,,,,,,,,,,,,,,,,,,,,,
47,,finfirstz,https://www.tiktok.com/share/user/73670131721?source=ad_review,"10,600",,,TRUE,FALSE,FALSE,,,,,,,,,,,,,,,,,,,,,,,
48,In Process,,,,,,,FALSE,,,,,,,,,,,,,,,,,,,,,,,,
25,Done,aummyjibi,https://www.tiktok.com/share/user/7227506648838374405?source=ad_review,"30,900",,,TRUE,TRUE,TRUE,ZUSKOLS100SSQC,"7 พ.ค. 69 - 16:00, ยิ่งเจริญ สแควร์","Buttercreme Series ของ ZUS Coffee คือดีย์มากกก 🤤☕
Buttercreme ด้านบนละมุนสุด ยิ่งเอามินิครัวซองมาดิปคือฟินเกินนน 🥐✨
ตอนนี้มีโปรแถมมินิครัวซองด้วยนะ รีบไปสั่งกันน",https://drive.google.com/drive/folders/15MWs8axzCuDRicDR4iiUI8lA5n18Trxa,ผ่าน,ผ่าน,,,,"Tiktok : https://vt.tiktok.com/ZS93HrPMY/
IG Reels : https://www.instagram.com/reel/DYL1Fi3RSMI/
IG  Post : https://www.instagram.com/p/DYL1XbokY2r/",#5+nHI9Abc5G2HlEeXCQa6ROOFMivOZ0UznyXbJ4RRkhhnXpB+hQu/kqhpYIzK8k=,"1,079",56,0,1,0,833,8,0,1,1,0,x
50,,withpeach.ewp,https://www.tiktok.com/@withpeach.ewp,"113,700",,,TRUE,FALSE,FALSE,,,,,,,,,,,,,,,,,,,,,,,
51,,kwonmabells,https://www.tiktok.com/@kwonmabells?_t=8rv73ADfiOA&_r=1,"13,900",,,TRUE,FALSE,FALSE,,,,,,,,,,,,,,,,,,,,,,,
26,Done,papainhaii,https://www.tiktok.com/@papainhaii,"19,800",,,TRUE,TRUE,TRUE,ZUSKOLS100KWLJ,"8 พ.ค. 69 - 14:00, Central Park","☕️ ZUS Coffee เสิร์ฟโปรกลางเดือน

เมื่อซื้อเครื่องดื่มในซีรี่ส์ Buttercreme
รับฟรี! Mini Butter Croissant 🥐

อร่อยแบบดับเบิ้ลกับครัวซองต์หอมเนย
กรอบนอก ฉ่ำใน จับคู่กับเครื่องดื่มในซีรีส์ Buttercreme จะมีอะไรลงตัวกว่านี้อีก
เลือกอร่อยกับเมนูที่ชอบ:
🍃Buttercrème Matcha
✨Butterbae
🍫Buttercrème Chocolate
🍨Buttercrème Frappé
🧈Buttercrème Latté
☕️Buttercrème Black
🥛Buttercrème Spanish Latté

@ZUSCOFFEE.TH 
🗓️เฉพาะวันที่ 11-17 พ.ค. 69 เท่านั้น!
📍ZUS Coffee ทุกสาขา

#ZUSCOFFEE
#ZUSCOFFEETH
#BUTTERCREME",https://drive.google.com/drive/folders/1F7NKH9lYPqsuX3oV77gQdqIt1ZXtQ_ob,ผ่าน,ผ่าน,,,,"Tiktok : https://vt.tiktok.com/ZS9KRjbcK/
IG Reels : https://www.instagram.com/reel/DYOiR93zpW0/
IG  Post : https://www.instagram.com/reel/DYOiR93zpW0/",#6WvpWdw3q4l4Z3EtMgpW1ha4Hl5qkdBbNhQGe1tkik0iauD2kIoDj0NJ5jPjQXk=,"42,100",87,4,4,4,"1,554",37,4,1,0,0,TBC
27,Done,bovy.watjanarat,https://www.tiktok.com/@bovy.watjanarat,"13,800",,,TRUE,TRUE,TRUE,ZUSKOLS100E6E6,"7 พ.ค. 69 - 14:00, SCB Park Plaza","ได้กินของอร่อยแล้วฮีลใจสุดๆ
ซื้อเครื่องดื่มอะไรก็ได้ในซีรี่ย์ Buttercreme
แถมฟรี มินิครัวซองต์🥐

#ZUSCOFFEE #ZUSCOFFEETH #BUTTERCREME",https://drive.google.com/drive/folders/1Qsg0uBBUdTJypveQOiKdpHjx69Jz7-88,"0.03 | 0.07 | 0.12 | 0.21- Buttercreme อ่านว่า บัตเตอร์-เคร็ม
0.08 - เหมือนเสียงหายไปค่า","1. 0.03 | 0.07 | 0.12 | 0.21- Buttercreme อ่านว่า บัตเตอร์-เคร็ม
2. 0.08 - เหมือนเสียงหายไปค่า
3. 0.22 - ใส่ text เพิ่มว่า ""แถมฟรี มินิครัวซองต์ ราคาปกติ 60 บาท""",https://drive.google.com/drive/folders/1Qsg0uBBUdTJypveQOiKdpHjx69Jz7-88,"0.22  แก้ราคา มินิครัวซองต์ จาก 40 เป็น 60 บาท
","0.22  แก้ราคา มินิครัวซองต์ จาก 40 เป็น 60 บาท
","Tiktok : https://vt.tiktok.com/ZS9EY8kuf/
IG Reels : https://www.instagram.com/reel/DYPfk1GzHlD/
IG  Post : https://www.instagram.com/p/DYPiJeyk09Y/",#CneRvI37pHfym7HLY7CAP//YFgZSScOxS/ulFr3DKkH+SahPRH0brwS5fcDrvVM=,721,74,19,4,15,"2,599",199,30,1,0,0,
54,,xviii__8,https://www.tiktok.com/@xviii__8?_t=ZS-90jrUGIX8aN&_r=1,"10,400",,,TRUE,FALSE,FALSE,,,,,,,,,,,,,,,,,,,,,,,
55,,kwankanlaya,https://www.tiktok.com/share/user/6809619599568880642?source=ad_review,"11,700",,,TRUE,FALSE,TRUE,,,,,,,,,,,,,,,,,,,,,,,
56,,kimmyoiu,https://www.tiktok.com/@kimmyoiu,"10,100",,,TRUE,FALSE,FALSE,,,,,,,,,,,,,,,,,,,,,,,
57,,porly2001,https://www.tiktok.com/@porly2001,"41,800",,,TRUE,FALSE,FALSE,,,,,,,,,,,,,,,,,,,,,,,
28,Done,goagain25,https://www.tiktok.com/@goagain25,"12,200",,,TRUE,TRUE,TRUE,ZUSKOLS100NPJN,"11 พ.ค. 69 - 17:00, สาขาวานิช เพลส อารีย์",มินิครัวซองกินกับอะไรก็อร่อย แต่กินคู่กับ buttercrème series ของ ZUS COFFEE อร่อยยิ่งกว่า ช่วงนี้มีโปรซื้อเมนู Buttercrème series รับฟรีมินิครัวซองต์ไปเลย เลิฟสุด โปรนี้ถึงวันที่ 17 พฤษภาคมนี้เท่านั้น #ZUSCOFFEE #ZUSCOFFEETH #buttercreme ,https://drive.google.com/file/d/1nt_ncAC_deLr7ww4WgZsIjIIPopAyO4x/view?usp=drivesdk,ผ่าน,ผ่าน,,,,"Tiktok : https://vt.tiktok.com/ZSxeKPcH3/
IG Reels : https://www.facebook.com/share/r/18Womi1tVb/
IG  Post : https://www.instagram.com/reel/DYTgaiZzY5p/",#mFFF3mztP+OD4yA9ARrq1UmTF+rMwSbqJPmx2G+/8v/vJviIMcClrDntFIAx4DE=,"2,054",155,3,1,1,194,11,1,0,0,0,
29,Done,ducky.jesse,https://www.tiktok.com/@ducky.jesse,"36,600",,,TRUE,TRUE,TRUE,ZUSKOLS100AYHX,"8 พ.ค. 69 - 10:00, Central Pinklao",มารับมินิครัวซองที่ ZUS COFFEE ได้แบบฟรีๆ แค่ซื้อเครื่องดื่มอะไรก็ได้ในซีรี่ย์ Buttercreme ตั้งแต่ 11-17 พ.ค. 69 นี้เท่านั้น #zuscoffee #zuscoffeeth #buttercreme,https://drive.google.com/drive/folders/1SZoVdy0WQ66w8q2775aHNrmXXbCGEtr4,ผ่าน,ผ่าน,,,,"Tiktok : https://vt.tiktok.com/ZS9KqL2V7/
IG Reels : https://www.instagram.com/reel/DYO7DSDSf_R/
IG  Post : https://www.instagram.com/p/DYPIPhvklwm/",#lxo5gO1z/jvyYqYvb26ZSGo4OGM+qjxxq3VnMAxqvwfeNaqCn+Y49yUHbjJ4B+E=,175,13,3,0,1,455,9,0,1,0,0,x
30,Done,minixx_t,https://www.tiktok.com/@minixx_t?_r=1&_t=ZS-92qRuAqQJSz,"13,600",,,TRUE,TRUE,TRUE,ZUSKOLS100CBJV,"11 พ.ค. 69 - 14:00, บ้านก้ามปู",,https://drive.google.com/drive/folders/1U5UeMQAe6kysgsJkO9ZSf8dC-saMPWwK, ผ่าน,ผ่าน,,,,"Tiktok : https://vt.tiktok.com/ZSx81GTBY/
IG Reels : https://www.instagram.com/reel/DYW4A7ES1hD/
IG  Post : https://www.instagram.com/p/DYW4i-nEtEY/",#T6XRGI3P07RQLljcMNC4dHYlug+svgvg0avGygPq887s3q2C3kS8SCr3Rkt/798=,"1,672",161,39,8,17,"3,364",132,0,10,1,0,
61,,nnamsom_,https://www.tiktok.com/share/user/6601081560513331201?source=ad_review,"10,600",,,TRUE,FALSE,FALSE,,,,,,,,,,,,,,,,,,,,,,,
31,Done,flukexway,https://www.tiktok.com/@flukexway,"4,118",,,TRUE,TRUE,TRUE,ZUSKOLS100223X,"9 พ.ค. 69 - 19:00, Central พระราม 9","ทนความนัวไม่ไหววว~ 🤤 บัตเตอร์เคร็ม ZUS Coffee คือดีย์! จุ่มกับมินิครัวซองต์ที่แถมฟรีคือเดอะเบสสส 🥐💚 โปรมีแค่ 11-17 พ.ค. 69 สั่งผ่าน ZUS App เลยจ้าา

#ZUSCoffee #ZUSCoffeeThailand #Buttercreme #โปรดีบอกต่อ
",https://drive.google.com/drive/folders/1xfrMYPEwm-18Wsd_QX5sUBM1zlQzJHb2?usp=sharing,ผ่าน,ผ่าน,,,,"Tiktok : https://vt.tiktok.com/ZS9E1nD9W/
IG Reels : https://www.instagram.com/reel/DYPPbKwP2XD/
IG  Post : https://www.instagram.com/p/DYPRovpj8H4/",#NvfhCWC0d80DcYJOjuRtPfvVQFD+gHVRhJxHMlxTCdmXh7nKwZP1OHdxXhol5XU=,842,120,0,5,3,"1,425",35,2,3,0,0,x
32,Done,smxxe.98,https://www.tiktok.com/@smxxe.98,"22,200",,,TRUE,TRUE,TRUE,ZUSKOLS100VFCQ,"9 พ.ค. 69 - 14:00, United Center สีลม","ใครเป็นสายครัวซองต์ + ช็อกโกแลต ต้องโดน 😭🥐
ลองเอา Mini Butter Croissant จุ่ม Buttercreme Chocolate แล้วมันฟินมากกกก

ตัวครัวซองต์กรอบนอกนุ่มใน
ส่วน Buttercreme Chocolate คือเข้มข้น หอมบัตเตอร์ ละมุนสุดๆ 🤎

ตอนนี้ที่ ZUS COFFEE มีโปรด้วย!
ซื้อเครื่องดื่มอะไรก็ได้ในซีรีย์ Buttercreme
✨ ฟรี Mini Butter Croissant ✨

เราเลือก Iced Buttercreme Chocolate คือเข้ากันแบบ 100/10

📍โปรวันที่ 11-17 พ.ค. 69
📱สั่งผ่าน ZUS COFFEE app เท่านั้นนะ
#ZUSCOFFEE #ZUSCOFFEETH #BUTTERCREME",https://drive.google.com/drive/folders/1o64-tJMXKltyxeh8BxUR0VvAbuJVzw3-,ผ่าน,ผ่าน,,,,"Tiktok : https://vt.tiktok.com/ZS9KU3xRg/
IG Reels : https://www.instagram.com/reel/DYO0lWyJ9xo/
IG  Post : https://www.instagram.com/p/DYO32JWCXXb/",#41pYz3swRjd2naRxRYA8iRm4KoEgd9aZl1xlUjumIexMAnyXsIPfpFKL4qglLCo=,798,35,4,7,29,489,13,2,2,0,0,x
33,Done,nornanreview ,https://www.tiktok.com/@nornanreview ,"68,500",,,TRUE,TRUE,TRUE,ZUSKOLS100N52S,"9 พ.ค. 69 - 10:00, Central Ladprao","จุ่มให้ฉ่ำ ฟินให้สุด! 🥐☕️ เมนู Buttercreme Frappe จาก ZUS COFFEE คือที่สุดของความหอมมัน กินคู่กับมินิครัวซองต์คือเข้ากันมากกก บอกเลยว่าแสงออกปาก!
✨ Promotion: สั่งซีรี่ย์ Buttercreme รับฟรี! มินิครัวซองต์ (11-17 พ.ค. 69 เท่านั้น)
📍 พิกัด: ZUS COFFEE ทุกสาขา

• Instagram: Tag @ZUSCOFFEE.TH
• TikTok: Tag @ZUSCOFFEETH

#ZUSCOFFEE #ZUSCOFFEETH #BUTTERCREME",https://drive.google.com/drive/folders/1o8WN25_T_ZbQbvE6VJuZhp__riwrzqmV,ผ่าน,ผ่าน,,,,"Tiktok : https://vt.tiktok.com/ZS93Cb8jB/
IG Reels : https://www.instagram.com/reel/DYL8LB6x58S/
IG  Post : https://www.instagram.com/p/DYL8uLUEffR/",#Mjxeo4aLyMQogop8wPjdB0BSaGgcVpRd/eRtHuF6ut/ua7QNpu38UxqUI3SZm0Y=,"33,700",58,8,18,8,677,28,4,1,0,0,x
34,Done,oilchanaporn ,https://www.tiktok.com/@oilchanaporn ,"4,490",,,TRUE,TRUE,TRUE,ZUSKOLS100LF2I,"9 พ.ค. 69 - 10:00, Central Westgate","Buttercreme เมนูใหม่อร่อยแบบนี้ ใครจะอดใจไหว 🤎🥐 ยิ่งเอามินิครัวซองจุ่ม~คือฟินมากกก

ช่วงนี้ ZUS Coffee เค้ามีโปร!! ซื้อเครื่องดื่มในซีรี่ย์ Buttercreme แถมมินิครัวซองฟรี✨

โปรวันที่ 11–17 พ.ค. 69 เท่านั้น
สั่งผ่าน ZUS App ได้เลย~

#ZUSCoffee #ButtercremeSeries #บัตเตอร์เคร็ม #CoffeeLover #รีวิวของกิน #อร่อยบอกต่อ",https://drive.google.com/drive/folders/1MXtIrghRvfTLUCKJpWvdQ25TFCdVOzPi,"- ช่วงต้นคลิป 0.00-0.03 อยากใ้ห้เพิ่มเสียงตอนเอาเข้าปากด้วยได้ไหมค้า
- 0.21 อยากให้เพิ่ม Sound Effect เสียงตอนกิน
- เพิ่ม background music","- ช่วงต้นคลิป 0.00-0.03 อยากใ้ห้เพิ่มเสียงตอนเอาเข้าปากด้วยได้ไหมค้า
- 0.21 อยากให้เพิ่ม Sound Effect เสียงตอนกิน
- เพิ่ม background music
- ใส่ text เพิ่มว่า ""แถมฟรี มินิครัวซองต์ ราคาปกติ 60 บาท""
",https://drive.google.com/drive/folders/1MXtIrghRvfTLUCKJpWvdQ25TFCdVOzPi,ผ่าน,ผ่าน,"Tiktok : https://vt.tiktok.com/ZS9KpMbrP/
IG Reels : https://www.instagram.com/reel/DYPB3OdJJiy/
IG  Post : https://www.instagram.com/p/DYPDIckiTKs/",#HjQOrjzjMzzW9P1jmgR/y07gQ+r79zrvLLFQlcYfUSw5/ORh1gK1VpKv1ChAQ5U=,"1,331",92,32,6,8,407,8,0,1,0,0,x
35,Done,jahismmm,https://www.tiktok.com/@jahismmm,"48,200",,,TRUE,TRUE,TRUE,ZUSKOLS100CEQQ,"9 พ.ค. 69 - 12:00, Central Westgate","ZUS COFFEE ☕️ จัดโปรจึ้งอีกแล้วจ้าา
เพียงซื้อ Buttercreme เมนูใดก็ได้
รับไปเลย Mini Croissant ฟรี 🥐✨
ยิ่งจุ่มยิ่งอร่อย โปรนี้มีทุกสาขานะจ้ะ
ตั้งแต่ 11-17พ.ค.69 รีบเลยย
#ZUSCOFFEE #ZUSCOFFEETH #BUTTERCREME",https://drive.google.com/file/d/1CNyAAHhQzjKNHh1rr-ijmwiRrMhwtqCB/view,ผ่าน,ผ่าน,,,,"Tiktok : https://vt.tiktok.com/ZS9TSfVHq/
IG Reels : https://www.instagram.com/reel/DYMEPODR7VF/
IG  Post : https://www.instagram.com/p/DYMjB4tkexO/",#8iY41rqELBbPIgDnqLI8UIZUWD+c/TRNxJfL9QAqJdkMo1BoK0blHZJU+WRi/+M=,"62,100",150,4,17,4,"2,115",117,2,2,4,3,x
,,,,,,,FALSE,FALSE,FALSE,,,,,,,,,,,,,,,,,,,,,,,
,,,,,,,FALSE,FALSE,FALSE,,,,,,,,,,,,,,,,,,,,,,,
,,,,,,,FALSE,FALSE,FALSE,,,,,,,,,,,,,,,,,,,,,,,
,,,,,,,FALSE,FALSE,FALSE,,,,,,,,,,,,,,,,,,,,,,,
,,,,,,,FALSE,FALSE,FALSE,,,,,,,,,,,,,,,,,,,,,,,